10907284,Twin Peaks,37.7480065816995,-122.444826374762,0.19779535440777
24393716,Outer Mission,37.7183619821654,-122.448286204697,0.281875006092873
715543,Mission,37.76375,-122.4125,0.246641479957974
356791,Golden Gate Park,37.7689931866739,-122.453757084498,0.394577884961868
8091505,Castro/Upper Market,37.7667044375119,-122.430652285887,0.0914326272075608
15553652,Outer Sunset,37.7631477600246,-122.502768596301,0.0925569428783146
16618464,Crocker Amazon,37.7108258074722,-122.43931682107,1.2114111292273
16792748,Golden Gate Park,37.7743935093098,-122.455368027936,0.0541426462625773
16490313,Inner Richmond,37.7795508222227,-122.468638966943,1.38817914973444
9236807,South of Market,37.7831052654404,-122.399256565178,0.204968382724242
12989652,Russian Hill,37.8049101769526,-122.420327710372,0.164313980811913
20706418,Presidio Heights,37.7828177458148,-122.453175153734,0.180931866054085
8102262,Bayview,37.7302,-122.39827,2.41774677109021
8147820,Noe Valley,37.7546441798848,-122.440324243951,0.118857758111059
10595411,Outer Sunset,37.7623044173033,-122.48521789306,0.497080656874995
10996172,North Beach,37.8005124481355,-122.409748946636,0.124851715754426
12025799,Inner Sunset,37.7653025744347,-122.453185343691,0.0735418930216182
7602382,Noe Valley,37.7497157084346,-122.442757255562,0.145852702485645
5548977,Outer Richmond,37.78093,-122.49425,4.53553900546139
16297659,Visitacion Valley,37.7096706114069,-122.423160963794,0.0830352780868382
16013094,Financial District,37.792068398286,-122.39195884966,0.129187795946886
9368987,Parkside,37.7442489221049,-122.480589143,0.171601872875294
24232584,Bernal Heights,37.7457549714776,-122.417425178995,0.210404287398287
18061608,Bayview,37.7287927100896,-122.370219501678,0.171304778152008
21756579,Nob Hill,37.7926349141571,-122.420580888043,1.49446952693177
17422548,Seacliff,37.7837763031845,-122.494667101594,0.349448018936336
2166328,Pacific Heights,37.7881745360531,-122.439855892439,0.318189318437928
11823509,Glen Park,37.7373287416818,-122.428642364708,0.244915043550241
20331337,Western Addition,37.7724857609284,-122.43543095611,0.0735927438815767
768161,Inner Sunset,37.7646434463285,-122.46392885528,0.0594928436188082
32159389,Crocker Amazon,37.70884,-122.44777,0.377382702947913
26053833,Chinatown,37.7913217711416,-122.404362849739,0.148526053938867
4023930,Parkside,37.7447201596704,-122.491172447199,5.10166815272338
3304131,Presidio Heights,37.7825984733796,-122.455079490607,5.45602435728398
1135287,Outer Sunset,37.7474036209842,-122.487283142174,4.0548980190959
12912467,Excelsior,37.7223541708841,-122.431544885395,1.31237334411388
8743207,Parkside,37.7382592538373,-122.482438240388,0.0818458963349396
2166328,Western Addition,37.7874308324879,-122.439305871492,0.318189318437928
2134100,Seacliff,37.7838880932323,-122.50855676228,10.7939108133791
9350357,South of Market,37.7793507306361,-122.396297914404,0.260709693941362
13223939,Financial District,37.7892913417853,-122.392345193621,0.0885324183073366
1707486,Presidio Heights,37.7837502369793,-122.457048226081,0.203791015370833
10508881,Inner Richmond,37.7750072164794,-122.45465535253,0.344417849140686
21502035,Presidio Heights,37.78738,-122.4502,0.124760857583126
69681,Seacliff,37.7770690692625,-122.509231872583,3.96083037511373
13685477,Haight Ashbury,37.7710431817852,-122.438779218902,0.0850854167906551
10124770,Diamond Heights,37.7422080430373,-122.437873475145,0.170778110442685
10746071,Outer Mission,37.7206825901113,-122.43836928681,0.215290777477933
29611738,Bernal Heights,37.73765,-122.41247,0.639202475561878
3158614,Presidio,37.7895078551853,-122.464863875745,0.49473118182889
3158614,Inner Richmond,37.7875619673483,-122.46526765304,0.49473118182889
13661411,Ocean View,37.7045218319505,-122.464643017466,0.333378857366271
3309928,Presidio Heights,37.7827063258269,-122.454845323705,7.6850398106757
13389922,Pacific Heights,37.7923381474432,-122.423579297978,0.074870294851229
28073566,Financial District,37.7905899860722,-122.392452105701,0.176535620693972
302618,Bayview,37.7335078656948,-122.390237031232,8.70468253253458
10907541,Nob Hill,37.7896428903553,-122.41961297593,0.199345786196811
16653287,Haight Ashbury,37.77176,-122.43781,0.462164745965029
12230979,Downtown/Civic Center,37.7895241156666,-122.407645798086,0.106935949311277
20626447,Crocker Amazon,37.7131912457319,-122.438034787351,0.324411078125661
11337381,Outer Sunset,37.7551781766729,-122.506090039338,0.599752243842394
11007272,Marina,37.79777,-122.43738,0.17652198979428
16792748,Inner Richmond,37.7756423539255,-122.455535211636,0.0582155236028255
27944564,Visitacion Valley,37.7124940974303,-122.397889583462,0.469507647093249
18795933,Lakeshore,37.7201380962534,-122.480042644279,0.255040941814589
10729265,Financial District,37.7902261204265,-122.406072058837,0.130800970598362
4236815,Outer Mission,37.7270910850738,-122.43331790914,1.72395207294247
10746071,Outer Mission,37.7206825901113,-122.43836928681,0.245701288334526
5395767,Glen Park,37.7358377924971,-122.435677129542,0.217530551884664
2314516,Pacific Heights,37.7954788385767,-122.436273567699,0.0688767971855563
8743207,Lakeshore,37.7373245056004,-122.482589602505,0.0784627749734828
25449566,Chinatown,37.7920937741937,-122.407693817226,0.173383219124009
652882,Outer Richmond,37.7727506427814,-122.491864909615,0.0809115095968673
26334899,Nob Hill,37.7913933118698,-122.418359357054,0.0823918284380491
9970137,Crocker Amazon,37.7090377277263,-122.424007005101,0.132528826296067
20199218,Pacific Heights,37.7936050586761,-122.43222743903,0.103128450873623
1650429,Haight Ashbury,37.7738313087854,-122.441463059425,0.0660745428825946
1926261,Downtown/Civic Center,37.7825714096142,-122.422263136996,5.26098130638216
4226785,Inner Richmond,37.7759016804768,-122.456436909628,6.16820475473918
10564295,Bernal Heights,37.74021,-122.41213,1.45909897844815
16700935,Potrero Hill,37.76459,-122.39406,1.77625543225284
9631221,Presidio,37.7876646609007,-122.472960092364,0.136025331010918
23728478,Bernal Heights,37.73808,-122.41965,0.0624656270646093
8355128,Western Addition,37.7750793657738,-122.427051572202,0.280686860966826
15482415,Treasure Island/YBI,37.8166942483811,-122.370269274013,0.0938685519164175
8269701,Parkside,37.7441909114319,-122.475552295502,0.111041527204685
30135038,Visitacion Valley,37.7050875737436,-122.413243486151,0.253519489851846
34752001,Crocker Amazon,37.70919,-122.44893,0.358001336352112
13861354,Nob Hill,37.7908236460035,-122.412479995554,0.136758789450896
872025,Lakeshore,37.7172459053545,-122.480011069196,6.48389668324259
9737647,Pacific Heights,37.7881633564127,-122.444003738783,0.0735568073209974
2314516,Marina,37.7969661868088,-122.437018615469,0.05507147014981
17976727,Treasure Island/YBI,37.8244962518712,-122.37679484477,0.0926904304269593
15344843,Russian Hill,37.7990483229473,-122.412019299494,0.096085571010556
4228444,Potrero Hill,37.7543206720045,-122.400171408452,3.90011428410465
11572432,Visitacion Valley,37.7140052958902,-122.397444689715,0.430432862279551
11534859,Treasure Island/YBI,37.8233775498134,-122.375586268003,0.185827133188053
18253350,Lakeshore,37.7071405434442,-122.479895774503,1.39711342060719
14652409,Seacliff,37.7849282719319,-122.491140257227,0.0814650120686556
37254793,North Beach,37.80524,-122.41127,0.248340724136966
10888115,Nob Hill,37.7911338825028,-122.415588599532,0.181044354011902
15953193,Twin Peaks,37.7485698528017,-122.451976987965,0.0988830823981434
1926253,Excelsior,37.72248,-122.42779,3.81255069511822
3944915,Western Addition,37.7738477938502,-122.423795830324,3.45367041694575
1925206,Visitacion Valley,37.72198,-122.40758,2.60103162882259
20439767,Visitacion Valley,37.72271,-122.40442,2.5650830521349
7602382,Twin Peaks,37.7500203305065,-122.443678978328,0.0938968188646972
3015450,Lakeshore,37.73351,-122.48691,4.40690710504813
12383404,Noe Valley,37.7510504272671,-122.441869974712,0.296700729007898
12111055,Visitacion Valley,37.7215736639293,-122.408855237553,1.74186317964696
2608516,Bernal Heights,37.74273,-122.4083,4.96744836704835
10106937,Treasure Island/YBI,37.8207888412632,-122.366262289048,0.0591672567590327
10961737,Seacliff,37.7855660075873,-122.488728551861,0.0549344865778746
24390111,Parkside,37.74428,-122.49006,0.0781342027904004
5172404,Western Addition,37.7887991077579,-122.430956384632,0.0819247422613112
17283877,Downtown/Civic Center,37.7883735964491,-122.413804945845,0.110228522953812
3512817,Diamond Heights,37.7466260746783,-122.442600511877,0.0983683095796467
22792909,Castro/Upper Market,37.767643553503,-122.430273663555,0.122006851367644
7601779,Glen Park,37.7337577131654,-122.434703044663,1.59045836571878
4730528,Nob Hill,37.7922284413018,-122.416640698455,0.192006255516849
29611957,Ocean View,37.7233550021932,-122.470755737535,0.120300866669704
21280089,Mission,37.769774660714,-122.425986583493,0.35763175435692
1174758,North Beach,37.80102,-122.40395,0.260881002294876
17480526,Visitacion Valley,37.7150627663408,-122.408435124017,0.268146984771255
1281140,Russian Hill,37.7980003046825,-122.420116494931,0.217393994950969
4023930,Outer Sunset,37.7467442017742,-122.489335089849,3.82457659452256
11016248,Inner Richmond,37.7760136211787,-122.446884769661,0.0649277050675645
9364688,South of Market,37.77887,-122.3916,0.180120427800496
13885045,Pacific Heights,37.7882197760973,-122.446380826691,0.165834200004266
7360699,Potrero Hill,37.75843,-122.40112,1.20305859080218
3426292,Castro/Upper Market,37.7626344714353,-122.426794010781,0.0692733402690644
10864418,Excelsior,37.7211753102642,-122.435306852632,0.41903058741516
1920661,Pacific Heights,37.7882397213971,-122.446461017705,0.280229435802916
1392183,Inner Sunset,37.7564828722014,-122.465286516381,0.466690006322495
3821592,Outer Richmond,37.7735168308697,-122.511418115142,0.116338641543264
20325232,Western Addition,37.7750200789797,-122.433103630685,0.0935480802657763
10996172,Russian Hill,37.8001820519703,-122.411555224791,0.194820999956419
7478864,Diamond Heights,37.7404145298154,-122.436329121117,0.273197097014856
14323059,Western Addition,37.7780815614781,-122.440400918019,2.22106570760792
34875118,Crocker Amazon,37.70776,-122.45253,0.131897233859278
19624742,Nob Hill,37.7915011600672,-122.415666395202,0.157212656151961
10508881,Golden Gate Park,37.7733008453083,-122.455246837302,0.344417849140686
1404163,Ocean View,37.7265582936026,-122.469380605209,1.00858879485816
15330008,West of Twin Peaks,37.7237052458885,-122.454234458053,0.0929908628046043
2380632,Golden Gate Park,37.7716048861927,-122.495210862376,0.177467419729854
32689496,Bayview,37.73876,-122.38671,0.10741705386526
3405015,Potrero Hill,37.7573538251597,-122.388943158974,8.60342999666669
15464893,Castro/Upper Market,37.7669861285252,-122.426728998822,0.25487768866559
19226880,Russian Hill,37.8036557018765,-122.419581678062,0.0776538901461599
728686,Potrero Hill,37.7556038462535,-122.398497482139,5.23501593088818
4023930,Outer Sunset,37.7467442017742,-122.489335089849,5.10166815272338
997356,Outer Mission,37.7333872419913,-122.440838853609,5.31530676275775
10865972,Presidio Heights,37.785530117042,-122.450948330536,0.22066399107786
31023677,Inner Sunset,37.75455,-122.46697,0.148258168930125
18471072,Chinatown,37.79155,-122.40617,0.156783706712371
9342219,Downtown/Civic Center,37.7901193303517,-122.407916051131,0.111904065852559
4122750,Castro/Upper Market,37.7594780956719,-122.436972079281,0.59424749188194
8132903,Presidio,37.7897127076208,-122.463223106407,0.216505384958099
12050886,North Beach,37.7993347708728,-122.405705322002,0.334252811313797
22080836,Inner Sunset,37.75897,-122.46513,0.111396168116843
27472711,Noe Valley,37.7468966372084,-122.438487894436,0.636033999430038
10329961,Diamond Heights,37.7441740063762,-122.439978806273,0.0656544945371268
25125413,Diamond Heights,37.74204,-122.43728,0.255761281423663
18998660,Pacific Heights,37.7900283200005,-122.43553208992,0.0860899581744741
3304131,Inner Richmond,37.781210104678,-122.452820911346,5.45602435728398
16829186,Treasure Island/YBI,37.8221761669327,-122.373886648087,0.229418298398726
2172411,Diamond Heights,37.7452153974757,-122.443447639247,4.42083339110193
36683638,Outer Sunset,37.75993,-122.50704,0.407499667619353
9970137,South of Market,37.7735777277263,-122.394413005101,0.102946698956333
15756527,Downtown/Civic Center,37.77646736971,-122.419309991206,0.0599328257601784
10710389,Parkside,37.7460037741176,-122.474826249471,0.302338233525535
33722743,Seacliff,37.7883,-122.48608,0.207601598272915
2380632,Outer Richmond,37.772299823635,-122.495164745304,0.246575341267154
11060667,Ocean View,37.719861845361,-122.468416767177,0.0612143670340604
30351910,Inner Richmond,37.7793564162972,-122.460173480109,0.0702162573978584
9779369,Inner Sunset,37.7650618688263,-122.454297482115,0.0722452094712322
15330008,Ocean View,37.7223414636996,-122.45480449321,0.108774379310268
6481957,Diamond Heights,37.7464680900435,-122.441670145728,0.0744320990190682
4556764,Outer Mission,37.7269298341434,-122.448390661052,0.437383079580977
10854509,Potrero Hill,37.7521210931022,-122.399609906182,0.284259955623298
10809992,Lakeshore,37.7213831822032,-122.472546864572,0.0617767932365147
18471072,Chinatown,37.7915505201638,-122.406169912186,0.156783706712371
3167840,Diamond Heights,37.744194154656,-122.440474204082,0.165558687672125
15889175,Treasure Island/YBI,37.8301931970816,-122.373426763814,1.89721104726503
13685477,Haight Ashbury,37.7710431817852,-122.438779218902,0.127005905879593
35874925,Inner Richmond,37.77801,-122.46594,0.0676210731282982
7021571,Bayview,37.73183,-122.37522,0.540659351247404
10272797,Lakeshore,37.7171007675033,-122.480832406343,0.0828562686198314
10389781,Castro/Upper Market,37.765,-122.42912,0.285949668096962
15455832,Ocean View,37.7081001783251,-122.464494297263,0.317089784150684
20010699,West of Twin Peaks,37.7355112120395,-122.459687487499,0.340432502789587
6739468,Chinatown,37.7917045671118,-122.407309625116,0.160956940644087
768161,Golden Gate Park,37.7665886881773,-122.464273786627,0.0594928436188082
36893058,Ocean View,37.7178,-122.45735,0.178885788948931
16855085,Treasure Island/YBI,37.8282092782736,-122.371383693025,0.0785453528766006
2172411,Twin Peaks,37.7469409461582,-122.445239132628,5.078432462419
14746238,Noe Valley,37.7545264851182,-122.435225546522,0.0860309725926834
24274131,Inner Richmond,37.78353,-122.4703,0.846506152172914
10729265,Chinatown,37.7905113790183,-122.406539196199,0.130800970598362
2314516,Marina,37.7968962435097,-122.436500632475,0.0688767971855563
10814003,Potrero Hill,37.7561666268232,-122.400905852658,0.0659128726400086
19911881,Marina,37.79860799901,-122.433752749028,0.0812719090504499
19789293,South of Market,37.78031545424,-122.396395388621,0.0696959942253302
14881271,Inner Sunset,37.7644795424358,-122.454892632714,0.131868547471456
9734189,Chinatown,37.791076879283,-122.407363884549,0.131670414453956
1130826,Outer Sunset,37.7538515831092,-122.503097838785,5.52406312354427
19054441,Potrero Hill,37.7601516097915,-122.401456816543,0.127549737541239
30321615,Potrero Hill,37.7629,-122.39445,0.161983374325202
1914128,Golden Gate Park,37.7650599456993,-122.486491565943,0.0999795358038512
5549826,Castro/Upper Market,37.7640256783054,-122.435608351808,2.41701341534679
3424189,Marina,37.8040269018887,-122.440634990445,6.34572775789504
14828948,Chinatown,37.7909300227603,-122.407887933946,0.129343408509953
16297659,Crocker Amazon,37.7084981175286,-122.423725130562,0.0830352780868382
15301909,Presidio Heights,37.7863269583415,-122.456034625243,0.266571534291246
11718267,Parkside,37.7439045838249,-122.480566324748,0.32054793226528
988399,Potrero Hill,37.7520969242531,-122.402900485175,5.36287087557531
15553652,Golden Gate Park,37.7648312855317,-122.501865682856,0.144194524651746
15194192,Crocker Amazon,37.7094860744911,-122.446932644039,0.288740403443927
5020733,Mission,37.7504161613986,-122.417466603727,8.20774896389215
10081364,Lakeshore,37.7196726405135,-122.47592085002,0.188762506366033
17540307,Inner Richmond,37.7850406306652,-122.460523695194,0.120763110738731
9904381,Nob Hill,37.7961895823129,-122.418330768017,0.181092582872016
7360699,Potrero Hill,37.7584345736104,-122.401121312909,1.20305859080218
5172404,Pacific Heights,37.7903110393185,-122.428946361055,0.0780236019419407
4588212,Glen Park,37.7408302776258,-122.427454431317,0.313002209682907
32210241,Pacific Heights,37.79285,-122.43507,0.166373099685746
22140977,Inner Sunset,37.75414,-122.47598,1.13115179325486
4663928,Inner Sunset,37.7628513233192,-122.454231809516,0.114901939200749
26053833,Chinatown,37.79132,-122.40436,0.148526053938867
11337381,Outer Sunset,37.7574304502557,-122.504705809483,0.599752243842394
14991011,Bayview,37.73437,-122.38882,0.648044065780603
16297659,Crocker Amazon,37.7084981175286,-122.423725130562,0.124597969632578
27702037,Visitacion Valley,37.71842,-122.40436,0.149102753219165
21321356,Russian Hill,37.8057890287066,-122.420340725563,0.134793962054859
9941950,Presidio,37.8050810840217,-122.449013054693,0.310362468753048
465723,Parkside,37.73853,-122.47166,9.56764982695923
6505426,Noe Valley,37.75316,-122.43722,2.8469247058697
7840921,Marina,37.8007114532327,-122.431025634265,0.287865264335145
11459095,Twin Peaks,37.7482691332055,-122.444925026076,3.18504980791723
8388658,Seacliff,37.7893516295355,-122.489761325137,0.350032505971546
7345030,Outer Sunset,37.7586608347296,-122.507320574149,0.414081423416192
12175341,Outer Richmond,37.7807999678647,-122.492622999227,0.202059636646819
16013094,Financial District,37.79207,-122.39196,0.129187795946886
8901394,Financial District,37.79143,-122.39136,0.10514724197604
20032338,Visitacion Valley,37.7198139096227,-122.401567491312,0.136798470187107
7400941,Outer Mission,37.7316622797737,-122.435219565129,0.117834910134623
10919775,Russian Hill,37.8000708486533,-122.410756648795,0.129235278667282
16362252,Outer Richmond,37.7769772684963,-122.485335504988,0.0703358062966491
32474642,Outer Richmond,37.77382,-122.48379,0.408551501983208
5114942,Chinatown,37.790966164382,-122.406767966558,0.137444747104239
9998508,Twin Peaks,37.7576209252385,-122.444248742809,1.48931395234835
3512817,Diamond Heights,37.74663,-122.4426,0.0983683095796467
4226785,Inner Richmond,37.7759016804768,-122.456436909628,4.31528836820806
10746071,Excelsior,37.7191374307852,-122.436760020778,0.215290777477933
15302270,Chinatown,37.7908648483065,-122.406957136174,0.0529770973965762
29902282,Diamond Heights,37.7392257983549,-122.436526608998,0.169156319464561
1218239,Outer Sunset,37.7558079043381,-122.499399100146,4.80961690406567
33254247,Noe Valley,37.75327,-122.43277,0.0760873866089982
715543,Mission,37.7637450478826,-122.412497566624,0.246641479957974
12948686,Visitacion Valley,37.71691,-122.40299,0.110884888183873
28107812,Inner Richmond,37.7746101963374,-122.458113889421,0.199790504707041
20331337,Western Addition,37.77249,-122.43543,0.0735927438815767
715543,Mission,37.7639141119392,-122.413491390111,0.246641479957974
8722927,Outer Richmond,37.78336,-122.48767,0.0671684138604716
666620,Noe Valley,37.7516733716744,-122.431852720895,3.79211182498234
16443050,Presidio,37.8065637053375,-122.448762137753,0.0576962101699338
11044976,Outer Mission,37.7097497922012,-122.451857879031,0.0719862298714756
3158614,Inner Richmond,37.7875619673483,-122.46526765304,0.274722361746584
32895882,Castro/Upper Market,37.76427,-122.43492,0.126751502401052
14074910,Twin Peaks,37.7462427228995,-122.449204669922,0.617793452826898
13772817,Mission,37.7600284271649,-122.406693455552,0.172862142076805
16515340,Inner Richmond,37.7863463172916,-122.472626343443,0.117336497560479
10966635,Potrero Hill,37.7616567863766,-122.38790335538,0.0559572145675574
12989652,Russian Hill,37.8051738822236,-122.419599538198,0.164313980811913
9369152,Parkside,37.7404169305369,-122.471202099527,0.179120435802977
17795198,Outer Mission,37.7347585087824,-122.441537572755,0.169959702889931
23171836,Outer Mission,37.70823,-122.45541,0.739659594130262
4494303,Excelsior,37.725496222165,-122.423443553441,0.296500139994172
9144137,Downtown/Civic Center,37.7894680499545,-122.407479625969,0.189372172299438
15301909,Presidio Heights,37.7883613314697,-122.457747665782,0.266571534291246
16439853,Presidio Heights,37.7831082461886,-122.453309017641,0.163619344233639
20279076,Chinatown,37.79097,-122.40678,0.271108362849648
24176906,West of Twin Peaks,37.74705927757,-122.459437882322,0.640702655687887
32877823,Russian Hill,37.79964,-122.42144,0.160797857993141
4295573,Excelsior,37.72424,-122.4339,2.22638726721592
10317593,Western Addition,37.7878318648708,-122.439248707582,0.218832397804663
9823618,Haight Ashbury,37.7696167327464,-122.444141142761,0.0944247349411505
7840921,Marina,37.7996599802573,-122.431129981911,0.287865264335145
9631221,Inner Richmond,37.7860023595837,-122.473205518411,0.184911143380265
11024353,South of Market,37.7743439620508,-122.411279342015,0.276452325657252
13171740,Presidio Heights,37.79036,-122.45006,0.325330886678466
3378019,Excelsior,37.7265836996638,-122.425152498038,0.276265452286142
1672896,Excelsior,37.72662,-122.41934,5.33394394107245
13772817,Mission,37.7611836761398,-122.407162967359,0.172862142076805
11983792,Financial District,37.7851703907751,-122.404559829438,0.223752621406823
5684130,Presidio,37.7934629332661,-122.447507449112,0.298522701809373
34361868,Inner Richmond,37.77681,-122.46377,0.112423093431171
4663928,Inner Sunset,37.7618441370355,-122.452430671728,0.114901939200749
19953581,Parkside,37.7405757007797,-122.480448845051,0.110884198791395
5114942,Chinatown,37.79097,-122.40677,0.137444747104239
16439853,Inner Richmond,37.7815521011179,-122.453061237535,0.163619344233639
1679108,Nob Hill,37.79638843489,-122.417469484087,2.74494219147239
10106937,Treasure Island/YBI,37.8213604686172,-122.364758519131,0.0591672567590327
557423,Marina,37.8057087173863,-122.443364357633,6.81151455145388
8388658,Seacliff,37.7876642308884,-122.489152227618,0.350032505971546
14875933,Excelsior,37.7336713031796,-122.407337812078,0.136688920939925
8901394,Financial District,37.7914310291342,-122.391362794385,0.10514724197604
12990078,Ocean View,37.7093352284281,-122.468127777616,0.82464841489603
15553652,Outer Sunset,37.7631477600246,-122.502768596301,0.144194524651746
760609,Twin Peaks,37.751422720351,-122.446523724806,7.42690739089787
11016892,Haight Ashbury,37.7754676478008,-122.445500667881,0.10951943314688
12270048,Twin Peaks,37.75266,-122.45293,2.22373015777958
14073882,Financial District,37.7899310794217,-122.401986417608,0.0707103818231931
23961242,South of Market,37.78865,-122.3892,0.0861644957384611
10961737,Outer Richmond,37.7872644480164,-122.48709639316,0.0805405484288037
9468121,Noe Valley,37.7536852548804,-122.430016333745,0.137819735207566
17500053,Treasure Island/YBI,37.8209792517476,-122.373557122544,1.38251178399531
18400957,Crocker Amazon,37.7081108661358,-122.437029010583,0.10686611016789
15327674,Inner Richmond,37.77653,-122.47387,0.972011164070071
19491493,Parkside,37.7413030464853,-122.496263144234,0.182761786416921
11060667,Ocean View,37.7205258371389,-122.467528444629,0.0612143670340604
27584638,Visitacion Valley,37.71858,-122.40281,0.217277201716056
17527005,Outer Sunset,37.7617247689607,-122.499292918657,0.0812766956174287
4105958,Inner Sunset,37.75654,-122.46643,4.15795957649503
14323059,Western Addition,37.77808,-122.4404,2.22106570760792
1589073,Castro/Upper Market,37.7573483791027,-122.430873357144,0.232297871257458
12360520,Bernal Heights,37.74162,-122.42056,0.0949185078385827
6092280,Lakeshore,37.7153872880467,-122.497767027205,0.236462883845636
3378019,Excelsior,37.7263307506656,-122.426617920133,0.276265452286142
8426628,Western Addition,37.7850545533925,-122.443194882154,0.216893457211603
5107706,Mission,37.760593626586,-122.418553220107,0.153658737670127
25370853,Marina,37.8005638888196,-122.425751595976,0.0795141656778122
14824227,Ocean View,37.7053889673643,-122.465427137021,0.271276748886812
4781448,Seacliff,37.7817965039227,-122.492492108333,0.321060165085741
7419076,Diamond Heights,37.744487286887,-122.440088407943,0.0940030808583712
4226785,Golden Gate Park,37.7744853859983,-122.454714218147,6.16820475473918
30361256,South of Market,37.7739526245197,-122.391653223325,0.116064784070497
9236807,South of Market,37.7831052654404,-122.399256565178,0.178766868324319
6720368,West of Twin Peaks,37.7407704417474,-122.468224787153,0.0871032687925561
11492463,Nob Hill,37.7969989278568,-122.410199683591,0.237505340034265
8701594,Nob Hill,37.7943185714892,-122.410960989012,0.731540685850891
3304131,Inner Richmond,37.781210104678,-122.452820911346,4.61061300534347
1931937,Seacliff,37.7815640854069,-122.49442445483,6.23617254260528
4014209,Golden Gate Park,37.7644792549737,-122.505381810867,0.178592798602281
18311350,Russian Hill,37.8017241761924,-122.424025028415,0.0800711435382173
14491155,Chinatown,37.7911641859726,-122.405005813038,0.130689098154042
31956194,North Beach,37.80311,-122.40598,0.0727517081133662
1232565,Diamond Heights,37.7401115636247,-122.438577133851,0.148531903224921
10550873,Chinatown,37.791215354797,-122.406418938171,0.124919614315448
25298210,Bayview,37.7280321524896,-122.369034560317,0.263401083517774
1650429,Haight Ashbury,37.7753936989673,-122.442302007439,0.0660745428825946
3304131,Presidio Heights,37.7817755260784,-122.453453048346,5.45602435728398
36267859,Visitacion Valley,37.72202,-122.40206,0.213326825525446
2132506,Bayview,37.7349356869449,-122.38632210794,2.88175065198898
28113188,Chinatown,37.7903861442328,-122.407479777544,0.114384423042643
905902,Golden Gate Park,37.76569,-122.48264,3.34272355357156
2527308,North Beach,37.799317781961,-122.403975639937,5.25860010139419
579812,Marina,37.7954594734096,-122.445390313591,0.184657530008782
4511292,Glen Park,37.737684649192,-122.434704158455,0.192756334261245
9970137,Crocker Amazon,37.7090377277263,-122.424007005101,0.102946698956333
10926823,Haight Ashbury,37.772241674917,-122.446844256103,0.638141152716048
21694548,Inner Sunset,37.7649854249349,-122.454655863409,0.411184304234972
30351910,Inner Richmond,37.77936,-122.46017,0.0702162573978584
13746657,Ocean View,37.7160472095895,-122.463715354153,0.0840565741043539
10919775,North Beach,37.8011929940401,-122.411183855742,0.199341718238244
1762444,Inner Richmond,37.7828532679152,-122.459814872696,0.080904997454931
12223121,Lakeshore,37.7211059721081,-122.48413788321,0.585350098995097
8722927,Seacliff,37.78382,-122.48826,0.0671684138604716
1104116,South of Market,37.78081,-122.40596,3.53263154568327
29159681,Ocean View,37.7206541982412,-122.44832236504,0.122652826417733
11016248,Inner Richmond,37.7760136211787,-122.446884769661,0.100560663174118
19292950,Western Addition,37.77379,-122.42732,0.731451994806191
11535013,Treasure Island/YBI,37.8245286872725,-122.375625012994,0.304555688305255
10139027,Twin Peaks,37.7563299261517,-122.444481827962,0.139151961151802
13965558,Outer Sunset,37.755345839768,-122.507835331966,0.462874439605397
16883568,Chinatown,37.79122,-122.40785,0.29493264977847
176274,Excelsior,37.73143,-122.42325,0.378782375970343
28963490,Russian Hill,37.8019409248461,-122.41628575694,0.164209354098866
12931122,Parkside,37.7454788071918,-122.490422687101,0.187243180022014
32572970,Haight Ashbury,37.7749,-122.4502,0.0719785046055459
5443493,Castro/Upper Market,37.75919,-122.43486,0.128086086901523
15330008,West of Twin Peaks,37.7237052458885,-122.454234458053,0.108774379310268
81256,Excelsior,37.73152,-122.42547,3.53345361299337
28113188,Chinatown,37.7905231442328,-122.405915777544,0.114384423042643
9534091,Excelsior,37.7211914400624,-122.429408646349,0.0538101184200948
10840082,Visitacion Valley,37.7098034636557,-122.416684214114,0.0818971373612993
8426628,Western Addition,37.785629990526,-122.443167543095,0.216893457211603
10729265,Chinatown,37.7905113790183,-122.406539196199,0.195449984605907
26334899,Nob Hill,37.79139,-122.41836,0.0823918284380491
758815,Marina,37.80508,-122.44226,4.28605968162042
652882,Outer Richmond,37.7727506427814,-122.491864909615,0.0951149803539901
10830317,Inner Richmond,37.7750014176181,-122.466746831482,0.201371164960715
10317593,Pacific Heights,37.7889275557069,-122.43914863128,0.278843219872678
19874372,Outer Sunset,37.7525797314584,-122.50611069228,0.0976590052629452
15304513,Presidio,37.7912798275929,-122.450902019633,0.63604892822498
29826153,South of Market,37.77616,-122.39547,0.0952330296420078
4014209,Golden Gate Park,37.7645934358376,-122.505084995849,0.217414034572809
11419866,Inner Richmond,37.7862641584721,-122.459446432711,0.0867871017331958
10966635,Potrero Hill,37.7623111851354,-122.38910576308,0.0559572145675574
10105584,North Beach,37.80516,-122.40867,0.335529000442951
10628904,Glen Park,37.7366886683793,-122.428628060474,0.203100168928805
2608516,Bernal Heights,37.7427296662835,-122.408295582016,4.96744836704835
1232565,Diamond Heights,37.7401115636247,-122.438577133851,0.122722118096706
2367852,Excelsior,37.7272234703805,-122.427691353187,0.0897164374752956
9734419,Downtown/Civic Center,37.7902014736447,-122.408099911817,0.177001442503712
2644770,South of Market,37.7787063481502,-122.392938806098,0.113441706983802
9342219,Downtown/Civic Center,37.7901193303517,-122.407916051131,0.149743718360806
9144137,Chinatown,37.791525745394,-122.406585882583,0.131240526226976
3721927,Inner Sunset,37.75927,-122.46311,7.47291360082839
10434633,South of Market,37.7785258094244,-122.394891534372,0.132837825744999
10317593,Western Addition,37.7878318648708,-122.439248707582,0.278843219872678
34368630,North Beach,37.80284,-122.40812,0.0955925329027362
3513741,Lakeshore,37.7340448118996,-122.488980546352,0.292655258111991
15380061,Glen Park,37.7363959371731,-122.437705373311,0.159608632669571
9144137,Chinatown,37.791525745394,-122.406585882583,0.189372172299438
9631221,Presidio,37.7876646609007,-122.472960092364,0.184911143380265
3821592,Outer Richmond,37.7735168308697,-122.511418115142,0.116230176267873
18209631,Russian Hill,37.8022,-122.42375,0.0581773412001768
19948870,Downtown/Civic Center,37.7867055785216,-122.414596449505,0.0761329568335761
7650273,Outer Richmond,37.7783310389855,-122.485358204734,0.128643547154579
21851847,Haight Ashbury,37.7676776450114,-122.449972536389,0.254347939370056
21763555,Nob Hill,37.79271,-122.41893,0.408483858513624
18311350,Russian Hill,37.80172,-122.42403,0.0800711435382173
1562629,Pacific Heights,37.7915457550424,-122.431379331784,8.7317690203113
18508982,North Beach,37.8052237595275,-122.412606440821,0.418198946359803
12270048,Twin Peaks,37.7526592391335,-122.452926477565,2.22373015777958
16515340,Presidio,37.7878868333284,-122.472877174045,0.117336497560479
2629294,Outer Richmond,37.7750173472,-122.487849023766,0.309680970588196
12025799,Haight Ashbury,37.7666844652021,-122.452790493393,0.0643800537162287
676228,West of Twin Peaks,37.72859,-122.45452,10.312053338924
3032974,Noe Valley,37.7486249827133,-122.429051373896,0.452639543312143
527226,Excelsior,37.72509,-122.43309,0.632813691853621
28794368,Russian Hill,37.79779,-122.41931,0.0959018297752461
20173537,Visitacion Valley,37.71971,-122.40058,0.852080264182882
16276295,Presidio Heights,37.7869071325121,-122.453333151016,0.070406440052066
6004953,Inner Sunset,37.7645701162041,-122.471021204669,0.744460698378409
12230979,Chinatown,37.7912991551819,-122.406702806551,0.105439147818255
14652409,Seacliff,37.7863688690504,-122.490552721737,0.0814650120686556
4917724,Glen Park,37.7385820402709,-122.428598340602,6.773735728886
10921021,Outer Mission,37.7338376884326,-122.444162230553,0.226842400065349
13223939,Financial District,37.7898353388138,-122.391652944773,0.0885324183073366
10863182,Twin Peaks,37.752997034299,-122.451407558475,0.348841397338935
33883208,West of Twin Peaks,37.72938,-122.46085,0.254058521291238
15916933,South of Market,37.7800934831911,-122.390813391137,0.164374413984845
27852325,Seacliff,37.77933,-122.51015,2.3678632917709
14341220,Downtown/Civic Center,37.7858298005312,-122.414012327765,0.16398703928294
10930694,Glen Park,37.7410980688914,-122.431460597212,0.171584646756172
6425944,Crocker Amazon,37.7059721236558,-122.434268510242,1.737907926034
8327231,Ocean View,37.7094263273175,-122.467282805913,0.0552262509026183
16570521,Seacliff,37.78733,-122.49212,1.35267942237578
10945113,Presidio Heights,37.7870034408894,-122.449963565397,0.179340312988901
15181903,South of Market,37.7720680458401,-122.392916897435,1.03422883920928
1504826,Outer Mission,37.72447,-122.44162,0.879265450304209
32187339,Downtown/Civic Center,37.78747,-122.41157,0.188393970213483
16439853,Inner Richmond,37.7815521011179,-122.453061237535,0.170569798167728
768161,Golden Gate Park,37.7665886881773,-122.464273786627,0.0881474901571207
8091505,Castro/Upper Market,37.7625472565157,-122.43805166096,0.0914326272075608
1633126,Excelsior,37.73101,-122.4229,1.33158020781485
11608001,Parkside,37.7447473726822,-122.480882964759,0.344322773371078
2783662,Haight Ashbury,37.7666441531215,-122.447140845978,6.87248756583048
28388893,Noe Valley,37.75368,-122.4272,0.705143031566655
30361256,Financial District,37.7840346245196,-122.398771223325,0.116064784070497
2510204,Russian Hill,37.7965596512595,-122.421718409587,10.0072661395822
13563032,Bayview,37.7222185320941,-122.399429533152,0.177777996463771
34690513,Outer Richmond,37.7787,-122.48602,0.0967588419307364
7604679,Treasure Island/YBI,37.8250887425914,-122.376313595428,2.57244308525635
6121614,Inner Sunset,37.7621672874831,-122.452138259396,0.256963176455779
10809992,Lakeshore,37.7213831822032,-122.472546864572,0.0811019730385467
12360520,Bernal Heights,37.7416192805716,-122.42056093987,0.0949185078385827
6720368,Parkside,37.7394503831543,-122.470036414556,0.0871032687925561
22793002,Seacliff,37.7762232613308,-122.509359061073,0.0948577139790827
14205282,South of Market,37.7769622168085,-122.416664919656,0.119077157827284
15130681,Diamond Heights,37.7463624659888,-122.44511936405,0.112243370281043
20723964,North Beach,37.803330506944,-122.408013176506,0.165115755949046
11556210,Chinatown,37.7904699853686,-122.408540258873,0.103197784706816
30263693,Outer Richmond,37.7769036713715,-122.504458599489,0.065259181391597
1857226,Diamond Heights,37.73564,-122.44085,3.33760453418986
21353826,Seacliff,37.7886398313569,-122.486968691546,0.430741058461823
2547727,Twin Peaks,37.7503187669743,-122.443767140633,6.70402090498393
8656123,Downtown/Civic Center,37.7742142117499,-122.422384895332,0.136364275229094
14521520,Bayview,37.7164585054029,-122.389943513127,0.0963287471619101
18686484,West of Twin Peaks,37.7395208222266,-122.46667736745,0.147800964366737
9144137,Downtown/Civic Center,37.7894680499545,-122.407479625969,0.131240526226976
1411264,Presidio,37.7898707928982,-122.469007723769,3.99425648924026
4494303,Excelsior,37.7240034044537,-122.424257333977,0.296500139994172
12949972,North Beach,37.8045138970247,-122.408935787974,0.0822352453644253
4022209,Pacific Heights,37.79707,-122.42504,2.88039779084227
1589073,Noe Valley,37.7559131413471,-122.430840528135,0.232297871257458
3534885,North Beach,37.799233122501,-122.4071534832,3.51990472882996
17508667,Bayview,37.7321682710854,-122.389707650984,0.123605969568971
21960180,Presidio Heights,37.7916,-122.44792,0.0769513463097595
27826583,Excelsior,37.72188,-122.43141,1.63180371014887
8203348,Pacific Heights,37.7968954087368,-122.428972336962,1.61170522751418
16883568,Chinatown,37.7912216200498,-122.407845771065,0.29493264977847
7604679,Treasure Island/YBI,37.8240059693093,-122.376814404655,2.57244308525635
10921021,West of Twin Peaks,37.7349134054016,-122.442550755127,0.317381549195042
23292883,Downtown/Civic Center,37.78672,-122.40878,0.110376377386757
9505119,Bernal Heights,37.7330226231765,-122.422420236278,0.122067958937341
6004953,Golden Gate Park,37.7656768850999,-122.472333066178,0.744460698378409
2314516,Marina,37.7968962435097,-122.436500632475,0.05507147014981
5172404,Pacific Heights,37.7896542590529,-122.430397176006,0.0780236019419407
4105694,West of Twin Peaks,37.7346264863663,-122.458659921791,3.54216400954708
14075271,Bayview,37.7310024286679,-122.375548789626,0.0739900108928128
3031785,Glen Park,37.7383280061453,-122.429352928092,2.62249055801933
7807401,Inner Richmond,37.781333218248,-122.454758484379,0.0564735069194949
30361256,Financial District,37.7840346245196,-122.398771223325,0.196792501161595
6991935,Visitacion Valley,37.7175186491756,-122.402720515111,0.462845675119842
18271316,Treasure Island/YBI,37.8247392481519,-122.372777666188,0.0668135913327854
9949873,Bernal Heights,37.73964,-122.41049,0.355940686429158
18231,Noe Valley,37.74888,-122.42982,0.830652931166337
579812,Presidio,37.7939690617749,-122.447606095318,0.29115791258467
7418703,Russian Hill,37.8013239342363,-122.411854870985,0.16462095583973
8646447,Noe Valley,37.7512835026051,-122.442885974982,0.0592474738446666
22814663,Presidio Heights,37.7847344684529,-122.448795433413,0.974702972412148
7310228,Diamond Heights,37.745707438468,-122.440198990793,0.162004143297202
7930461,West of Twin Peaks,37.74117,-122.4635,3.05899942212115
9737647,Pacific Heights,37.7878902740957,-122.444053856711,0.0735568073209974
652882,Golden Gate Park,37.7712691550186,-122.493155750416,0.0951149803539901
14255899,Inner Sunset,37.7645647054431,-122.474881452401,0.116260495976771
415088,Twin Peaks,37.7479910622563,-122.444976989338,8.90175971986334
21356840,Lakeshore,37.732977349435,-122.475011437042,0.634060057386097
75422,Excelsior,37.7312794875972,-122.424726996644,0.345326198645078
18372466,Golden Gate Park,37.7705754692552,-122.510437573869,0.194075184494152
5172404,Pacific Heights,37.7896542590529,-122.430397176006,0.0819247422613112
30321615,Potrero Hill,37.76289869449,-122.39444712487,0.161983374325202
24678255,Downtown/Civic Center,37.7887850659698,-122.415487743714,0.0771653740623593
7987834,Glen Park,37.7342213412236,-122.43118724113,0.166855143223716
8132903,Presidio,37.7897127076208,-122.463223106407,0.187268504649515
22671524,Chinatown,37.7909503118333,-122.408204095186,0.115388286455667
356791,Haight Ashbury,37.7703659935076,-122.45318001157,0.815874599220215
19039794,Lakeshore,37.7182085523983,-122.476276840252,0.384520925763705
13685477,Western Addition,37.7727415409419,-122.43697514937,0.0850854167906551
9631221,Inner Richmond,37.7860023595837,-122.473205518411,0.136025331010918
2166328,Western Addition,37.7875258324879,-122.440465871492,0.507868578231455
1446043,Outer Sunset,37.7539523564388,-122.500016893575,3.62247414092329
16362252,Outer Richmond,37.7762220174758,-122.486036600718,0.0703358062966491
29245132,Lakeshore,37.7066716968382,-122.482915568947,0.404831744590454
13861354,Nob Hill,37.7908236460035,-122.412479995554,0.167766204833127
18584762,Treasure Island/YBI,37.8250290424005,-122.374677667694,0.366774758796675
1920661,Presidio Heights,37.7876901069413,-122.446989997027,0.280229435802916
24654367,West of Twin Peaks,37.7450759551915,-122.465236818282,0.260276506116514
10785635,Crocker Amazon,37.705771394846,-122.449506714343,0.11902169805757
12973475,Russian Hill,37.8029098637973,-122.41514596821,0.20672057347386
2166328,Pacific Heights,37.7881745360531,-122.439855892439,0.507868578231455
15130852,Outer Sunset,37.7503327538098,-122.499690655162,0.572009165587072
11816435,Glen Park,37.7414791355978,-122.425104536179,0.408218019448952
11829072,Inner Sunset,37.7574635185719,-122.473828811868,0.240503621788829
62566,Outer Richmond,37.7772052310168,-122.486236594716,0.141878890354679
7196412,West of Twin Peaks,37.74602,-122.4554,1.96052838839689
13452434,Crocker Amazon,37.7074057356721,-122.450857382223,0.153304314519579
20258481,Inner Sunset,37.76229,-122.47402,1.09420382070166
15241234,Inner Richmond,37.7831054704332,-122.459109442937,0.242991294508745
31023677,Inner Sunset,37.754551667752,-122.466968034341,0.148258168930125
16162289,Marina,37.7970087478152,-122.444789474223,0.183959687526535
2538348,Glen Park,37.7385811009071,-122.434092878625,0.081023505124265
8327231,Ocean View,37.7107934035525,-122.467891713902,0.0552262509026183
10358618,Chinatown,37.7910421874388,-122.406685613277,0.0871445177616851
29759753,Crocker Amazon,37.7081911830918,-122.44890837384,0.101966026327706
22601890,Ocean View,37.7045123269244,-122.467838482873,0.15156294784576
1321279,Golden Gate Park,37.7677708313657,-122.453476795074,9.50278886751143
24090395,Inner Richmond,37.7846847852443,-122.476823754276,0.0717661865350664
2790637,Potrero Hill,37.76083,-122.40264,0.831289356524165
13659611,Noe Valley,37.7528341209106,-122.425834256037,0.172697843599265
14934340,Lakeshore,37.7153390071888,-122.472842245829,0.175561518022134
30361230,South of Market,37.7742,-122.39047,0.0800910448244276
16944112,South of Market,37.7807284368598,-122.405231853919,0.455794644191634
10926823,Haight Ashbury,37.7709993539203,-122.447497554099,0.638141152716048
69681,Seacliff,37.77707,-122.50923,3.96083037511373
29611957,Ocean View,37.72336,-122.47076,0.120300866669704
5852066,Western Addition,37.7771,-122.43763,2.68075339750312
14903530,Diamond Heights,37.74132,-122.43705,0.388307937554602
12230979,Downtown/Civic Center,37.7895241156666,-122.407645798086,0.105439147818255
997356,Glen Park,37.7348881265416,-122.438612876883,5.31530676275775
12678074,Twin Peaks,37.7481734134301,-122.447079360244,0.0725554970612689
37446300,Outer Sunset,37.75624,-122.49777,0.177082468217661
31567798,Haight Ashbury,37.77418,-122.4435,0.0730726353875424
1589073,Noe Valley,37.7559131413471,-122.430840528135,0.161241106253494
13623619,Russian Hill,37.7969630471394,-122.416728999139,0.221907452773727
10840082,Visitacion Valley,37.7087404437007,-122.418023163064,0.0818971373612993
5443493,Castro/Upper Market,37.7591939455763,-122.43485819347,0.128086086901523
36005399,Western Addition,37.78826,-122.42875,0.149178237396745
13623619,Russian Hill,37.7969630471394,-122.416728999139,0.1949955994617
18477970,Nob Hill,37.7935789567362,-122.420405192423,0.584596661779345
30470989,Glen Park,37.73883,-122.4265,0.0950402484091222
16587802,Potrero Hill,37.7633130518057,-122.395229937001,0.137528626219717
5643083,Diamond Heights,37.74678,-122.44246,5.7041528926805
16515340,Inner Richmond,37.7863463172916,-122.472626343443,0.110083103203191
29586429,Glen Park,37.7345039555087,-122.434405860953,0.128948038258577
28575488,South of Market,37.77773,-122.39897,0.173609027340991
21502035,Presidio Heights,37.7873823270013,-122.450198533783,0.124760857583126
20327599,Potrero Hill,37.7570342068564,-122.394685235705,0.136371946880891
1935521,Potrero Hill,37.7610899734942,-122.398440626615,0.364438080234714
27987824,Russian Hill,37.79832,-122.41076,0.197665190140815
15363634,Haight Ashbury,37.7725850408932,-122.441105341193,0.0965709454457145
30882528,Crocker Amazon,37.70842,-122.44803,0.0878117531455764
4388398,Glen Park,37.7373209661483,-122.429432385991,0.210065752502382
10329961,Noe Valley,37.7446586032309,-122.439279195944,0.0677274687457978
4014209,Outer Sunset,37.7625637093664,-122.505887241708,0.178592798602281
16515340,Presidio,37.7878868333284,-122.472877174045,0.110083103203191
16855085,Treasure Island/YBI,37.8290541462424,-122.37155165407,0.0785453528766006
12753708,Golden Gate Park,37.7703318408007,-122.510103323354,0.226872828351363
19333802,Chinatown,37.7939117478451,-122.407661372346,0.321852794129533
3534845,North Beach,37.7997598627737,-122.40755553211,5.21734714729425
19185162,Excelsior,37.73,-122.41717,0.153260360102874
31600883,Noe Valley,37.75313,-122.43198,0.349815279377287
13430783,Chinatown,37.7911506746125,-122.408832783659,0.126660063759367
10919775,Russian Hill,37.8000708486533,-122.410756648795,0.199341718238244
1914128,Outer Sunset,37.7633759601049,-122.485331613733,0.0966287651474168
1328186,Castro/Upper Market,37.75854140018,-122.43684331439,0.254710226850415
10105584,North Beach,37.8051646682592,-122.408668339818,0.335529000442951
11023845,South of Market,37.7748223686294,-122.408407896644,0.0671951900704783
26868641,Outer Mission,37.7322243341718,-122.446126932917,0.107016972592096
10000431,Inner Richmond,37.7856,-122.46617,0.11671733007132
2380632,Outer Richmond,37.772299823635,-122.495164745304,0.177467419729854
10942965,Russian Hill,37.7966273380888,-122.418087355022,0.0722676779132484
9727384,Outer Mission,37.7225491472048,-122.44517622729,0.0871860913723657
10996172,Russian Hill,37.8001820519703,-122.411555224791,0.124851715754426
440058,Potrero Hill,37.7508216075901,-122.400877330482,0.248812905436457
10921021,Outer Mission,37.7338376884326,-122.444162230553,0.317381549195042
12973475,Russian Hill,37.8011248578555,-122.416805466331,0.20672057347386
9713928,Castro/Upper Market,37.7675102664875,-122.427788571971,0.346322183692001
924351,Presidio,37.7971442228415,-122.449428111831,0.0840152679972102
15916933,Haight Ashbury,37.76733,-122.44845,0.136719808206231
3158614,Presidio,37.7895078551853,-122.464863875745,0.274722361746584
14317885,Golden Gate Park,37.7650927878922,-122.491749947748,0.190440746409966
34840354,Excelsior,37.72225,-122.42888,0.193088134367629
12266059,Russian Hill,37.79812,-122.40741,0.196821517833541
1273709,Western Addition,37.7699236554506,-122.430546519926,0.335825874651719
10970821,Presidio Heights,37.7830438110526,-122.452377233024,0.0558601556743458
1914128,Golden Gate Park,37.7650599456993,-122.486491565943,0.0966287651474168
13616847,Financial District,37.7910198526701,-122.396805679829,0.236830810779613
12952722,West of Twin Peaks,37.739837570588,-122.469812612708,0.234413596622704
2778349,Glen Park,37.7404437809977,-122.428554372053,0.289428358641406
3040312,West of Twin Peaks,37.7422743121595,-122.466548021875,4.72079779196057
2160741,Downtown/Civic Center,37.7751277113018,-122.42001907203,4.97461580857056
7650273,Outer Richmond,37.7769116681065,-122.486833973889,0.128643547154579
26277460,Excelsior,37.72274,-122.42815,1.89092871402247
3031785,Glen Park,37.7376338992388,-122.429329279122,2.62249055801933
5955398,Russian Hill,37.7994452977464,-122.413025933914,2.43565726064604
21065885,Seacliff,37.7870353142833,-122.493215433284,0.0717804889647325
17895036,Noe Valley,37.7499377396555,-122.428751348221,0.192259605089331
16929969,Diamond Heights,37.7458390086175,-122.446022279387,0.796709218768645
20281663,Seacliff,37.780234285184,-122.506654451778,0.122706007176319
6121614,Haight Ashbury,37.761883898648,-122.450965631913,0.282008172617771
9369152,West of Twin Peaks,37.7422912008972,-122.469573834755,0.179120435802977
15096401,Chinatown,37.7916881284317,-122.406357507966,0.502449177247173
22793002,Seacliff,37.77622,-122.50936,0.0948577139790827
75422,Excelsior,37.73128,-122.42473,0.345326198645078
15344843,Russian Hill,37.7995599231937,-122.412014521086,0.096085571010556
1920661,Presidio Heights,37.7876901069413,-122.446989997027,0.205922023041382
23411237,Glen Park,37.73485,-122.43655,0.259504651551082
10746071,Excelsior,37.7191374307852,-122.436760020778,0.245701288334526
14310523,Western Addition,37.7711970286504,-122.42577795848,0.0607323509549249
1332629,Noe Valley,37.7547575803271,-122.42743711108,0.280397463826399
4014209,Outer Sunset,37.76256,-122.50589,0.178592798602281
7699710,Bernal Heights,37.73957,-122.41425,0.378268249819724
2166328,Western Addition,37.7874308324879,-122.439305871492,0.507868578231455
19247816,Marina,37.8033870875017,-122.444204829204,0.16072997278502
8733312,Chinatown,37.7955024482651,-122.408307300511,1.35762812705885
1873023,Western Addition,37.7843889784407,-122.443459091069,0.747777923374219
12050886,North Beach,37.7994046004546,-122.407399325254,0.334252811313797
1110346,Nob Hill,37.79149,-122.41529,9.19041366021573
2224195,Presidio,37.79517,-122.4764,0.083617447695142
681516,Visitacion Valley,37.7172244233318,-122.402496111223,6.82019917535091
15789451,Presidio,37.7908207698,-122.453371952701,0.266876184133821
20680564,Bernal Heights,37.7376093572388,-122.412008403578,0.212227380117819
13022499,Excelsior,37.72498,-122.40501,3.92425938006343
8091505,Castro/Upper Market,37.7668732565158,-122.43198666096,0.0914326272075608
11016248,Western Addition,37.7766579895552,-122.445012005156,0.0649277050675645
21960180,Presidio Heights,37.791598395088,-122.44792411043,0.0769513463097595
14571580,Pacific Heights,37.7961918142155,-122.434240443627,1.15374546804446
1733377,Russian Hill,37.7976553760325,-122.417013163982,0.100060117495709
3760908,Presidio Heights,37.79000600505,-122.447571183064,7.81334719005104
11024614,Western Addition,37.7764550829541,-122.442243731221,0.476692109566347
3293347,Outer Mission,37.7316176776342,-122.451117124807,0.0925777103285258
10508881,Haight Ashbury,37.77393123571,-122.453953542504,0.268273796664259
13685477,Western Addition,37.7727415409419,-122.43697514937,0.127005905879593
10840082,Visitacion Valley,37.7085958432752,-122.418064305602,0.0818971373612993
10137814,Russian Hill,37.8001506010241,-122.421003597941,1.30809857695121
16944002,Nob Hill,37.79062,-122.41264,0.580963201305272
3158614,Inner Richmond,37.7878703370921,-122.464341202114,0.274722361746584
13623619,Nob Hill,37.7950313679442,-122.418046479456,0.221907452773727
28668662,Nob Hill,37.79267,-122.41834,0.1395980888591
784071,Castro/Upper Market,37.760382727599,-122.430117459917,5.11221505051036
28137005,Ocean View,37.72082,-122.46345,0.138058958195713
13171740,Presidio Heights,37.7903612606553,-122.450058442069,0.325330886678466
11419866,Inner Richmond,37.7862641584721,-122.459446432711,0.0930014689145079
10930694,Glen Park,37.741598864885,-122.429923096827,0.171584646756172
16548251,Twin Peaks,37.7505628727537,-122.44480833554,1.24963776046432
21065885,Seacliff,37.78704,-122.49322,0.0717804889647325
9236807,Financial District,37.7852046881336,-122.399756228923,0.178766868324319
8646447,Noe Valley,37.7512835026051,-122.442885974982,0.0899380288360384
27162463,Outer Mission,37.7049375752201,-122.458661461778,0.841939341798039
9713928,Castro/Upper Market,37.7660591313745,-122.42994069245,0.346322183692001
9734419,Chinatown,37.791705454192,-122.406158846013,0.133603144259664
4014209,Outer Sunset,37.76256,-122.50589,0.217414034572809
10317593,Pacific Heights,37.7894537355554,-122.439125933502,0.218832397804663
5684130,Pacific Heights,37.7937174198438,-122.446044847729,0.298522701809373
28268811,Western Addition,37.7858499158546,-122.435429453465,0.0734557230164782
1140103,Haight Ashbury,37.7710808631198,-122.444714414335,4.22203921342167
14521520,Bayview,37.7169978742222,-122.391339032138,0.0963287471619101
10317593,Pacific Heights,37.7889275557069,-122.43914863128,0.218832397804663
15535661,Visitacion Valley,37.7185502249695,-122.400362820211,0.136522249669722
81256,Excelsior,37.731521543096,-122.425470262385,3.53345361299337
13861354,Downtown/Civic Center,37.7893473864748,-122.412762770382,0.136758789450896
28613829,Pacific Heights,37.794593495526,-122.43545740012,0.110064635742587
10814003,Potrero Hill,37.758049699122,-122.401052585329,0.0659128726400086
1542007,Inner Richmond,37.7865753691182,-122.468252345868,0.0700186381137444
20857268,Castro/Upper Market,37.76101,-122.4435,0.317712729565814
14861698,Nob Hill,37.795466102711,-122.414941500893,1.24064478076485
7419076,Diamond Heights,37.744062161144,-122.43952566991,0.0940030808583712
10879449,West of Twin Peaks,37.7280993416402,-122.463160561138,0.731157934179769
6121614,Haight Ashbury,37.761883898648,-122.450965631913,0.256963176455779
21694548,Inner Sunset,37.76499,-122.45466,0.411184304234972
1106534,Noe Valley,37.74553,-122.43805,3.34362335503365
10272797,Lakeshore,37.718449491341,-122.481022238232,0.0828562686198314
31956194,North Beach,37.8031146702426,-122.405982606912,0.0727517081133662
31465464,Western Addition,37.77356,-122.433,0.770148458292708
36839532,North Beach,37.80496,-122.40953,0.0755140602088152
25171753,Seacliff,37.7842935801546,-122.488722086293,0.65079962724142
14491155,Financial District,37.7905481254112,-122.404830943586,0.130689098154042
27702037,Visitacion Valley,37.7184150761925,-122.404364815245,0.149102753219165
32945668,Outer Richmond,37.772,-122.50656,0.189259235425272
3093543,Presidio,37.81031,-122.47642,10.8256503036899
1961076,Presidio,37.7955957090076,-122.449870237701,0.468314228633859
23292883,Downtown/Civic Center,37.7867235016356,-122.408778776051,0.110376377386757
10358618,Financial District,37.7902056236055,-122.406516957341,0.0871445177616851
11024353,South of Market,37.774124304638,-122.412685774932,0.276452325657252
18362234,Bayview,37.7346020408634,-122.395753382728,0.160953321923382
585326,Outer Richmond,37.77632,-122.48067,6.71569044138914
2692850,Noe Valley,37.7462048700208,-122.426390600851,4.85057793147744
22847509,Bayview,37.727592974707,-122.371645435983,0.115686980467154
15084163,Pacific Heights,37.7943736123504,-122.431002597803,0.129727397789977
9734419,Chinatown,37.791705454192,-122.406158846013,0.177001442503712
3821592,Seacliff,37.7752319918489,-122.51032854374,0.116338641543264
20281663,Seacliff,37.78023,-122.50665,0.122706007176319
27895654,Visitacion Valley,37.7171434886015,-122.405694228726,0.143516373536513
21095281,Financial District,37.7887092801796,-122.402355415254,0.129691322307387
13506877,Castro/Upper Market,37.7598455655924,-122.440675026627,0.158944761790723
5686550,Presidio,37.8022905635094,-122.458799743588,0.254358866613325
11020738,Lakeshore,37.7306297666956,-122.489443997342,0.150150101649101
28499025,Lakeshore,37.73366,-122.47549,1.38125736473379
8147820,Noe Valley,37.756147556503,-122.44029482917,0.118857758111059
1137038,Outer Sunset,37.7535358991102,-122.513147023197,6.71248048903683
1206032,Outer Mission,37.71475,-122.44324,2.91884933889483
35163183,Haight Ashbury,37.77122,-122.44327,0.0634467294618779
19965055,Western Addition,37.7738766516243,-122.433028009798,0.158646937497
5068847,Parkside,37.7391010768541,-122.499665869641,3.95504527208966
5684130,Presidio,37.7934629332661,-122.447507449112,0.236957320602744
18107750,Castro/Upper Market,37.7688752477074,-122.427586184373,0.481668040160301
29879145,Inner Sunset,37.76306,-122.45231,0.089939246300464
33677837,Outer Richmond,37.78011,-122.49882,0.108856923155387
997356,Outer Mission,37.7333872419913,-122.440838853609,4.97553653727064
8384928,Diamond Heights,37.7401483713952,-122.436879523218,0.298932957588039
10729265,Financial District,37.7902261204265,-122.406072058837,0.195449984605907
1087449,Bayview,37.7466037164318,-122.404478792798,6.24899771918534
15916933,Haight Ashbury,37.7673306526129,-122.448451941191,0.164374413984845
3426292,Mission,37.7638527381981,-122.425526123716,0.0692733402690644
2608516,Bernal Heights,37.7422486181985,-122.407560453452,4.96744836704835
15453636,Ocean View,37.71718,-122.44999,2.50707343095022
7699550,Inner Richmond,37.776189117237,-122.456948656614,0.0524570922794983
2027857,Downtown/Civic Center,37.7816653472791,-122.413877767762,5.60712263333548
10508881,Golden Gate Park,37.7733008453083,-122.455246837302,0.268273796664259
35000612,Inner Sunset,37.76053,-122.47436,0.20921944393056
10508881,Inner Richmond,37.7750072164794,-122.45465535253,0.268273796664259
16145342,Inner Sunset,37.7633224384236,-122.452987396378,0.0770857187469244
13427895,Excelsior,37.72871,-122.42934,1.48294745022957
2380632,Golden Gate Park,37.7716048861927,-122.495210862376,0.246575341267154
10907541,Nob Hill,37.7896428903553,-122.41961297593,0.140746831848865
4678017,Downtown/Civic Center,37.7871682957465,-122.413584259476,0.0799638500180679
4014209,Golden Gate Park,37.7645934358376,-122.505084995849,0.178592798602281
14057062,Inner Richmond,37.77714,-122.46676,1.47779372887789
768161,Inner Sunset,37.7646434463285,-122.46392885528,0.0881474901571207
15647745,Presidio,37.7907179451968,-122.478831785727,0.0696622424713651
21828791,Crocker Amazon,37.705101832471,-122.436616797433,0.0745523003037246
28959109,Parkside,37.7392306042936,-122.503281592939,0.073347176717221
33365567,Haight Ashbury,37.76463,-122.44865,0.482649198651359
12126766,Russian Hill,37.79795,-122.41091,0.114093441647183
22468044,Inner Richmond,37.7818193944264,-122.459468267981,0.0736727708551499
15431373,Pacific Heights,37.7922706147866,-122.438848981742,0.252813660704205
10743757,Nob Hill,37.7923135494677,-122.409710915351,0.175730872814053
4979396,Inner Sunset,37.7601165262514,-122.475400076521,0.217289181264712
6090770,Noe Valley,37.74261,-122.42891,0.181386812880529
15553652,Golden Gate Park,37.7648312855317,-122.501865682856,0.0925569428783146
11024614,Haight Ashbury,37.7752544959161,-122.442189936096,0.476692109566347
27069841,Glen Park,37.7366506378428,-122.42835976145,0.103626616384037
30361256,South of Market,37.7739526245197,-122.391653223325,0.196792501161595
10566523,Nob Hill,37.7947642439015,-122.410318315974,0.196501902908278
3309928,Presidio Heights,37.7830346356419,-122.453798723274,7.6850398106757
23042417,Outer Sunset,37.7551364702956,-122.485774371926,0.203465994191132
652882,Golden Gate Park,37.7712691550186,-122.493155750416,0.0809115095968673
34943897,North Beach,37.80502,-122.40897,0.200082121387272
4556446,Mission,37.7515007698006,-122.407425365952,0.208768385581443
24438211,Bayview,37.7203302977139,-122.393832828151,0.436803253716637
845132,Western Addition,37.7721802791879,-122.431436321048,4.9321808452496
8743207,Parkside,37.7382592538373,-122.482438240388,0.0784627749734828
2738331,Haight Ashbury,37.7691757424747,-122.450003673624,6.35561231728459
10268558,Pacific Heights,37.7936401661998,-122.430586204668,0.0996659610918252
12360520,Bernal Heights,37.7438228084152,-122.420014831066,0.0949185078385827
5890033,Outer Richmond,37.7721604564811,-122.50175952405,0.305391674821732
15533853,Western Addition,37.7704932304307,-122.436603812979,0.578520251629056
440058,Potrero Hill,37.7514189989713,-122.401789023321,0.248812905436457
11595211,Parkside,37.7417186554739,-122.488491061596,0.201235317149848
17174433,Treasure Island/YBI,37.8218366619004,-122.373345888734,1.443658703369
31177300,Outer Mission,37.7262765414076,-122.433622779535,0.413854696318455
15916933,South of Market,37.7800934831911,-122.390813391137,0.136719808206231
2169208,Western Addition,37.78353,-122.44519,5.88392669867104
5196070,Crocker Amazon,37.71011,-122.44631,0.63040703092487
28668662,Nob Hill,37.7926696472286,-122.418340437245,0.1395980888591
14421118,Golden Gate Park,37.7672655835134,-122.463975057182,0.226838208640903
10329961,Diamond Heights,37.7441740063762,-122.439978806273,0.0677274687457978
14078928,Presidio Heights,37.7863699705633,-122.456890394667,0.307383051422044
27987824,Russian Hill,37.7983167566497,-122.410762595026,0.197665190140815
2839794,Twin Peaks,37.7553527635411,-122.443361514047,4.2252471047731
7400941,Outer Mission,37.7316622797737,-122.435219565129,0.17321394905201
1386564,Pacific Heights,37.7927660167737,-122.424309917486,8.40989392702929
7602382,Noe Valley,37.7497157084346,-122.442757255562,0.0938968188646972
24594412,Nob Hill,37.7933640944481,-122.412442847978,0.160356043553597
7983070,Presidio Heights,37.7826716124497,-122.453089683014,1.47033409303912
20279076,Chinatown,37.7909744313573,-122.40677675473,0.271108362849648
9369152,Parkside,37.7404169305369,-122.471202099527,0.232522562444814
2178509,Bernal Heights,37.74128,-122.42155,9.22346828713156
9342219,Chinatown,37.7914046831001,-122.406415890194,0.111904065852559
11059932,Western Addition,37.7735896903024,-122.424083062031,0.282411860714199
8115225,Lakeshore,37.7272222768704,-122.481245986375,0.208666116059881
5561787,West of Twin Peaks,37.7344444811053,-122.463823218487,4.93262127891414
1332629,Noe Valley,37.755964390618,-122.425949535047,0.280397463826399
15916933,Haight Ashbury,37.76733,-122.44845,0.164374413984845
10565614,Visitacion Valley,37.715225611564,-122.408369166444,0.241314727974616
9727465,Outer Mission,37.7223840004024,-122.444633459099,0.0797590808044683
1542007,Presidio,37.7876756059866,-122.467334174171,0.0665876562572977
8087607,Seacliff,37.7753180069651,-122.511620556222,0.0738445836546867
26235131,Presidio Heights,37.7890498468992,-122.448435036897,0.146275088861161
10000431,Inner Richmond,37.7856023236683,-122.466168131381,0.11671733007132
2538348,Glen Park,37.7380959488654,-122.435423352562,0.081023505124265
1920661,Pacific Heights,37.7882397213971,-122.446461017705,0.205922023041382
6090770,Noe Valley,37.7426051649726,-122.428908572599,0.181386812880529
4388398,Glen Park,37.7361976958221,-122.429023980366,0.210065752502382
997356,Glen Park,37.7348881265416,-122.438612876883,4.97553653727064
6004953,Inner Sunset,37.7645701162041,-122.471021204669,0.239208320077036
1080408,Castro/Upper Market,37.76094,-122.44388,3.12615778234134
13772732,West of Twin Peaks,37.7250365493109,-122.454295869176,0.110725090085064
14026949,Presidio Heights,37.7853314594295,-122.458007774235,0.168694167360725
10990593,Presidio Heights,37.7835854907596,-122.456411467709,0.0986142780513805
2703266,Noe Valley,37.75245438852,-122.430295402205,0.0867615880146377
16812656,Mission,37.7689147725195,-122.417989386292,0.36826204114306
25370853,Marina,37.80056,-122.42575,0.0795141656778122
34468735,Outer Sunset,37.76321,-122.47901,0.120728046606535
25449566,Chinatown,37.79209,-122.40769,0.173383219124009
10990593,Presidio Heights,37.7857572253925,-122.457011526889,0.0986142780513805
9734419,Downtown/Civic Center,37.7902014736447,-122.408099911817,0.133603144259664
3073393,Mission,37.76259,-122.42464,7.07124985953016
23552081,Downtown/Civic Center,37.7862282809839,-122.407017072797,0.127634139281503
2023326,Inner Richmond,37.78342,-122.46941,0.526936173241732
14569097,Outer Richmond,37.7767494126433,-122.494294184677,0.0965720603749754
3426292,Mission,37.7638527381981,-122.425526123716,0.0658736042158867
6720368,Parkside,37.7394503831543,-122.470036414556,0.0619289180185442
2948159,Diamond Heights,37.74301,-122.44188,1.52387963290973
2479366,Castro/Upper Market,37.7621272156287,-122.440066077415,4.40425846287059
15756527,South of Market,37.7757650078382,-122.418142533856,0.0599328257601784
10319083,Treasure Island/YBI,37.8274905466202,-122.375992545601,0.0545594329620544
20635128,Crocker Amazon,37.7114338538808,-122.437792756259,0.344387185979106
30882528,Crocker Amazon,37.7084192812236,-122.448029523144,0.0878117531455764
15026204,Lakeshore,37.7163341759566,-122.473139084175,0.212422790471665
1232565,Glen Park,37.7383070044691,-122.438595552234,0.148531903224921
9010765,Crocker Amazon,37.7087816417069,-122.438707040955,0.102987913809149
27957339,Castro/Upper Market,37.7595,-122.43297,0.627497284002207
12910183,Russian Hill,37.80634,-122.42056,0.260449631856357
22068547,Inner Sunset,37.7658000962924,-122.455096049419,0.0682360157598048
12678074,Twin Peaks,37.7483572823507,-122.447447683581,0.0725554970612689
13311113,Parkside,37.7362015784785,-122.500068666153,0.0870260986676428
25801524,Outer Sunset,37.74732,-122.49083,1.01248374952583
5785631,West of Twin Peaks,37.748574745947,-122.469416061973,0.0617063658834758
15756527,South of Market,37.7757650078382,-122.418142533856,0.0830431258756998
4858023,Outer Richmond,37.7840106071583,-122.481352516213,0.228398053175027
4511292,Glen Park,37.7378457067407,-122.435925188951,0.192756334261245
23732691,Lakeshore,37.73352,-122.47545,1.38656198454449
5686550,Presidio,37.8032510643205,-122.459832909888,0.254358866613325
15252502,Bernal Heights,37.7436129782165,-122.422615430111,0.120659348137824
7840921,Marina,37.7994241435008,-122.432801546352,0.287865264335145
5684130,Pacific Heights,37.7937174198438,-122.446044847729,0.236957320602744
14008695,Ocean View,37.7099996650557,-122.468196663888,0.116504606300712
7478864,Diamond Heights,37.740433044069,-122.436995961649,0.273197097014856
5480080,Haight Ashbury,37.7754874445847,-122.438349136611,0.11449663184156
16565600,Twin Peaks,37.7575343927543,-122.450299601825,0.190063575176697
10919775,North Beach,37.8011929940401,-122.411183855742,0.129235278667282
356791,Golden Gate Park,37.7689931866739,-122.453757084498,0.815874599220215
15633396,Presidio,37.7934743762063,-122.447937056595,0.467873230172666
13170498,Haight Ashbury,37.7690713185799,-122.452794192465,0.4182014037615
1960123,Financial District,37.7897196247579,-122.401923923407,0.424660410898897
10863182,Twin Peaks,37.7515359974245,-122.451758466933,0.348841397338935
3480210,Haight Ashbury,37.7696350811767,-122.437943951907,2.82773849875851
10550873,Financial District,37.789976972546,-122.406422366645,0.223541444049199
1589073,Castro/Upper Market,37.7573483791027,-122.430873357144,0.161241106253494
2367852,Excelsior,37.7269524703805,-122.428034353187,0.0897164374752956
10317593,Pacific Heights,37.7894537355554,-122.439125933502,0.278843219872678
9970137,South of Market,37.7735777277263,-122.394413005101,0.132528826296067
3944915,Western Addition,37.77385,-122.4238,3.45367041694575
9534091,Excelsior,37.7212647628839,-122.428739339938,0.0538101184200948
6163821,Potrero Hill,37.75539,-122.3973,4.5825533826477
6121614,Inner Sunset,37.7621672874831,-122.452138259396,0.282008172617771
1762444,Inner Richmond,37.7827332640598,-122.460106134144,0.080904997454931
5172404,Western Addition,37.7887991077579,-122.430956384632,0.0780236019419407
1733377,Russian Hill,37.7968705935025,-122.418576295007,0.100060117495709
10918894,Financial District,37.7912699866692,-122.397446981003,0.0999340960259564
25125413,Diamond Heights,37.7420383980412,-122.437279761265,0.255761281423663
36045225,West of Twin Peaks,37.74466,-122.45264,0.15264218155439
8827950,Noe Valley,37.7427933130313,-122.432342796134,0.349028937855183
10550873,Financial District,37.789976972546,-122.406422366645,0.124919614315448
15952249,Castro/Upper Market,37.7669513124387,-122.428146698502,0.168121429464814
10897601,Diamond Heights,37.7408148297035,-122.438504065987,0.0666688478784657
15272393,Lakeshore,37.7202771809194,-122.484380419872,0.169284409473291
356791,Haight Ashbury,37.7703659935076,-122.45318001157,0.394577884961868
11084354,Ocean View,37.7172486537094,-122.470012342872,0.256386750580152
3916500,Visitacion Valley,37.7103145486311,-122.399383663265,5.86120320206194
1094514,Bayview,37.7336965373484,-122.396010083679,4.9016210933633
8646447,Twin Peaks,37.7501565353165,-122.443802740944,0.0592474738446666
23312875,Downtown/Civic Center,37.787272421469,-122.406948248604,0.081557105360333
32702234,Downtown/Civic Center,37.7861,-122.40681,0.161451579301621
21486870,Castro/Upper Market,37.7661410385399,-122.432966143508,0.192428236991522
30129618,Outer Richmond,37.77231,-122.50672,0.112608455277912
7400941,Glen Park,37.7338483738989,-122.434386757232,0.117834910134623
9389324,Nob Hill,37.7922571637837,-122.415765675613,0.0634681944980862
10139027,Twin Peaks,37.7562141925179,-122.443902196449,0.139151961151802
4023930,Parkside,37.7447201596704,-122.491172447199,3.82457659452256
5693049,Outer Mission,37.7124776007035,-122.447412334617,1.05427756425578
21763555,Nob Hill,37.7927057073231,-122.418926437531,0.408483858513624
10964917,Western Addition,37.7885770548084,-122.427343844415,0.128989019820333
11023845,South of Market,37.7743191391042,-122.406389277813,0.0671951900704783
11419866,Presidio Heights,37.7859681639932,-122.458321646573,0.0867871017331958
3985406,Visitacion Valley,37.7155651150013,-122.410068670303,1.87008619392886
31069497,Marina,37.80316,-122.43343,0.0813562413990114
31206489,Noe Valley,37.74868,-122.42625,0.478421527503613
4318081,Diamond Heights,37.73602,-122.44302,0.253498278928377
12753708,Golden Gate Park,37.77033,-122.5101,0.226872828351363
21095281,Financial District,37.78871,-122.40236,0.129691322307387
1434647,Crocker Amazon,37.7107099947321,-122.443297441267,7.58724397521463
6481957,Noe Valley,37.7475294748392,-122.441149015364,0.0916326828715244
8210662,Visitacion Valley,37.7155544867301,-122.399401230994,2.96201347015665
4152054,Outer Richmond,37.7729437360233,-122.51117302106,0.0647272486744026
37181985,Bayview,37.73126,-122.38475,0.169039089572694
1328186,Castro/Upper Market,37.75854,-122.43684,0.254710226850415
10358618,Financial District,37.7902056236055,-122.406516957341,0.0702112661863996
147443,Diamond Heights,37.74599,-122.44532,4.32286741044093
7602382,Twin Peaks,37.7500203305065,-122.443678978328,0.145852702485645
1174758,North Beach,37.8010192590904,-122.403953477083,0.260881002294876
13885045,Presidio Heights,37.7892475242745,-122.447920295779,0.165834200004266
15097340,North Beach,37.8053450332831,-122.4126104903,0.906462497379587
13389922,Pacific Heights,37.7914502911988,-122.424812930655,0.074870294851229
20038685,South of Market,37.7745197968004,-122.395035737962,0.127709484423829
28184435,Western Addition,37.78213,-122.44274,0.169668196606653
10566523,Nob Hill,37.7948925827992,-122.411980948452,0.196501902908278
23087617,Castro/Upper Market,37.7596254843377,-122.433980298122,0.300841105350393
929796,Seacliff,37.784547056362,-122.488269670586,0.189336235649294
4152054,Outer Richmond,37.77294,-122.51117,0.0647272486744026
13127605,Twin Peaks,37.7532735152694,-122.444292406547,0.213259222428872
14073882,Financial District,37.7899262685203,-122.401011397386,0.0707103818231931
15482415,Treasure Island/YBI,37.8168835734088,-122.371797785716,0.0938685519164175
9236807,Financial District,37.7852046881336,-122.399756228923,0.204968382724242
2644770,South of Market,37.7781582096595,-122.39292194338,0.113441706983802
1083331,Haight Ashbury,37.7686097589318,-122.446629833343,3.23779878143331
13563032,Bayview,37.7221212662475,-122.397652385687,0.177777996463771
3513741,Lakeshore,37.7329137069488,-122.487133774011,0.292655258111991
19251175,Outer Sunset,37.7549412152141,-122.480924476418,0.188071516674832
3304131,Presidio Heights,37.7817755260784,-122.453453048346,4.61061300534347
11627168,Parkside,37.7416729312565,-122.487007227867,0.528452166473279
25776536,Marina,37.79835,-122.42545,0.670325702650112
34240899,Downtown/Civic Center,37.78502,-122.41097,0.0914786147267801
16792748,Golden Gate Park,37.7743935093098,-122.455368027936,0.0582155236028255
2839794,Twin Peaks,37.7555597118043,-122.444231866563,4.2252471047731
2703266,Noe Valley,37.7533019708551,-122.429355840314,0.0867615880146377
1403593,Financial District,37.7883490147807,-122.400281998944,0.206653156616135
20652378,Crocker Amazon,37.7120630622782,-122.438960541739,0.426793309022786
10854509,Potrero Hill,37.7524964878095,-122.399779930889,0.284259955623298
14994762,Western Addition,37.7829720137554,-122.42437083849,0.0644619575806721
21313976,Ocean View,37.7225620888519,-122.464326685849,0.0744560381580378
12948686,Visitacion Valley,37.7169085162938,-122.402994690638,0.110884888183873
7897161,Nob Hill,37.7956792070217,-122.418750530075,0.253631880974582
10968474,Inner Richmond,37.7794493975012,-122.473779929129,0.570061570417219
10508881,Haight Ashbury,37.77393123571,-122.453953542504,0.355582480801136
16276295,Presidio Heights,37.7860867887501,-122.451124398942,0.070406440052066
9953024,West of Twin Peaks,37.7299393119395,-122.465155724317,0.0861657655158165
13221936,Financial District,37.7885420127573,-122.406791450025,0.0863859408841921
30349966,West of Twin Peaks,37.72516,-122.45598,0.49085202930467
10918894,Financial District,37.7910148671745,-122.398719552868,0.0999340960259564
9342219,Chinatown,37.7914046831001,-122.406415890194,0.149743718360806
10329961,Noe Valley,37.7446586032309,-122.439279195944,0.0656544945371268
14421118,Inner Sunset,37.7656595566593,-122.462997223691,0.127675306689801
19490069,Crocker Amazon,37.7137193677358,-122.440676355221,0.0736209197644302
10961737,Outer Richmond,37.7867879687103,-122.486831455824,0.0549344865778746
9998508,Twin Peaks,37.75762,-122.44425,1.48931395234835
15380061,Glen Park,37.7367565537608,-122.437417293086,0.159608632669571
10508881,Inner Richmond,37.7750072164794,-122.45465535253,0.355582480801136
10961737,Seacliff,37.7855660075873,-122.488728551861,0.0805405484288037
11492463,Nob Hill,37.7969989278568,-122.410199683591,0.252959286793827
20645591,Visitacion Valley,37.7074012888679,-122.418048072678,0.559542092198465
9612507,Noe Valley,37.7469167851703,-122.426283588973,0.0948472795920154
696724,Treasure Island/YBI,37.8111674376889,-122.367060820315,9.3853043316928
7227902,Potrero Hill,37.7609610277922,-122.393554902637,0.252705683838753
31069497,Marina,37.8031558846763,-122.433433168618,0.0813562413990114
15916933,Haight Ashbury,37.7673306526129,-122.448451941191,0.136719808206231
14205282,Downtown/Civic Center,37.778429111472,-122.41681750932,0.119077157827284
5347627,Downtown/Civic Center,37.7869662877865,-122.420271865625,0.473431807753221
23312776,Downtown/Civic Center,37.78628,-122.40864,0.251142444278807
15311818,Bayview,37.7370032178992,-122.38782829495,0.117030260800283
7699550,Golden Gate Park,37.7742575209599,-122.457810385757,0.084530528024287
3158614,Inner Richmond,37.7878703370921,-122.464341202114,0.49473118182889
14895052,Lakeshore,37.7222614748878,-122.47434615055,0.138047252200401
579812,Marina,37.7954594734096,-122.445390313591,0.29115791258467
28869072,Marina,37.79685,-122.43694,0.190933203086357
2314516,Marina,37.7969661868088,-122.437018615469,0.0688767971855563
12295926,Presidio Heights,37.7880064136809,-122.449585048765,0.518488864372014
6481957,Diamond Heights,37.7464680900435,-122.441670145728,0.0916326828715244
21596397,Potrero Hill,37.75655,-122.40267,1.01547961803953
9369152,West of Twin Peaks,37.7422912008972,-122.469573834755,0.232522562444814
12429503,Pacific Heights,37.7968293216623,-122.425756100585,0.405096011481837
273960,West of Twin Peaks,37.7405223874861,-122.459377780557,6.3118488872633
9505119,Excelsior,37.7313962502639,-122.424228831268,0.122067958937341
14421118,Inner Sunset,37.7656595566593,-122.462997223691,0.226838208640903
35770546,Lakeshore,37.71634,-122.47388,0.0568514572312461
11007272,Marina,37.7977675004025,-122.437377170566,0.17652198979428
95243,North Beach,37.80299,-122.40937,0.814455331899735
8646447,Twin Peaks,37.7501565353165,-122.443802740944,0.0899380288360384
17709514,West of Twin Peaks,37.7299248341313,-122.463003325384,0.257842344403785
26204934,Crocker Amazon,37.7113399954135,-122.439671125982,0.222993252002845
4615244,Ocean View,37.7086287031612,-122.461254040894,5.68865243690258
14432317,Excelsior,37.7295305935362,-122.411576515113,0.901269826441952
34340961,Downtown/Civic Center,37.78066,-122.42071,0.14507005812767
34417750,Ocean View,37.71777,-122.45745,0.212609774023149
14466525,Russian Hill,37.8040373293768,-122.416044025727,0.113768714121417
18948463,Glen Park,37.7413906952319,-122.425307695112,0.0576405556059492
3241063,Lakeshore,37.7266547652539,-122.481290013372,9.19975251071784
9970137,Crocker Amazon,37.709118481958,-122.424995917789,0.132528826296067
9465129,Mission,37.7568383388321,-122.410956761958,0.133489923832752
10358618,Chinatown,37.7910421874388,-122.406685613277,0.0702112661863996
10921021,West of Twin Peaks,37.7349134054016,-122.442550755127,0.226842400065349
15330008,Ocean View,37.7223414636996,-122.45480449321,0.0929908628046043
8210662,Visitacion Valley,37.71555,-122.3994,2.96201347015665
1542007,Presidio,37.7876756059866,-122.467334174171,0.0700186381137444
23726224,Mission,37.7495029167817,-122.408493491962,0.135616065987144
13558325,Inner Richmond,37.7834165061971,-122.477462592155,0.0574263728507477
8940858,Potrero Hill,37.757951495042,-122.404015337762,0.370536541802135
11024614,Haight Ashbury,37.7752544959161,-122.442189936096,0.692992787015122
36432452,Twin Peaks,37.75778,-122.4473,0.0767508306341599
23961242,South of Market,37.7886518750575,-122.3891973392,0.0861644957384611
1822319,Diamond Heights,37.7349851734459,-122.439963938396,4.08682648115947
9389324,Nob Hill,37.79296538193,-122.413545496985,0.0634681944980862
9395222,Seacliff,37.781433371108,-122.50517932749,1.68906694482772
340429,Potrero Hill,37.7599235210847,-122.39492312066,4.15418282439613
4588212,Glen Park,37.7410123861227,-122.426335809292,0.313002209682907
11016248,Western Addition,37.7766579895552,-122.445012005156,0.100560663174118
14390856,Crocker Amazon,37.7055851392265,-122.433327044732,0.822599656551321
10628904,Glen Park,37.7344963656494,-122.430207908597,0.203100168928805
8743207,Lakeshore,37.7373245056004,-122.482589602505,0.0818458963349396
4801368,Golden Gate Park,37.771265769383,-122.50655553029,7.83200332269739
12175341,Outer Richmond,37.778894413119,-122.494269414395,0.202059636646819
1960123,Financial District,37.78972,-122.40192,0.424660410898897
1914128,Outer Sunset,37.7633759601049,-122.485331613733,0.0999795358038512
24654367,West of Twin Peaks,37.74508,-122.46524,0.260276506116514
1961076,Presidio,37.7972239798411,-122.45035552357,0.468314228633859
4014209,Golden Gate Park,37.7644792549737,-122.505381810867,0.217414034572809
10865972,Presidio Heights,37.7845634212021,-122.450198907706,0.22066399107786
7699550,Golden Gate Park,37.7742575209599,-122.457810385757,0.0524570922794983
16443050,Marina,37.8047768225195,-122.448341382549,0.0664988856810283
15756527,Downtown/Civic Center,37.77646736971,-122.419309991206,0.0830431258756998
2172411,Diamond Heights,37.7452153974757,-122.443447639247,5.078432462419
11492463,Chinatown,37.7965686154449,-122.409804790098,0.252959286793827
11419866,Presidio Heights,37.7859681639932,-122.458321646573,0.0930014689145079
13724120,Outer Richmond,37.77608,-122.4818,0.40999930521446
7699550,Inner Richmond,37.776189117237,-122.456948656614,0.084530528024287
28184435,Western Addition,37.7821312345566,-122.442735251038,0.169668196606653
22944449,Potrero Hill,37.7566,-122.39963,0.0923751977302272
2314516,Pacific Heights,37.7954788385767,-122.436273567699,0.05507147014981
15149013,Outer Sunset,37.7524210348173,-122.499840390196,0.204526069298519
939407,Western Addition,37.7773980401204,-122.432518876052,0.428610000349303
647821,Nob Hill,37.7949244278847,-122.417537186369,0.0883528035872749
10961737,Outer Richmond,37.7867879687103,-122.486831455824,0.0805405484288037
15859899,Crocker Amazon,37.7055898251071,-122.448035201794,0.0664743085446822
1542007,Inner Richmond,37.7865753691182,-122.468252345868,0.0665876562572977
14421118,Golden Gate Park,37.7672655835134,-122.463975057182,0.127675306689801
2172411,Twin Peaks,37.7469409461582,-122.445239132628,4.42083339110193
15130681,Diamond Heights,37.7463546311115,-122.446936433499,0.112243370281043
18914550,Financial District,37.7884835383899,-122.393286050761,0.0934281147695033
32161226,Crocker Amazon,37.70848,-122.44916,0.143350977196979
579812,Presidio,37.7939690617749,-122.447606095318,0.184657530008782
11950009,Diamond Heights,37.7453161118478,-122.440972993218,0.782964862147296
10280888,West of Twin Peaks,37.73954,-122.45289,0.0969890052213247
16986456,South of Market,37.7850681305851,-122.390342552226,0.456407726425867
30502224,Bayview,37.7279,-122.38985,0.17587818895751
13448099,Treasure Island/YBI,37.8239205259245,-122.375275263551,0.3045809597561
10907284,Twin Peaks,37.7474414150345,-122.445571013476,0.19779535440777
1920661,Pacific Heights,37.7882942212123,-122.446679644704,0.205922023041382
12025799,Inner Sunset,37.7653025744347,-122.453185343691,0.0643800537162287
28383611,Visitacion Valley,37.7216549063585,-122.405126926107,0.375365536735587
15084163,Pacific Heights,37.7943205965609,-122.430931132679,0.129727397789977
6720368,West of Twin Peaks,37.7407704417474,-122.468224787153,0.0619289180185442
16162289,Marina,37.79716226515,-122.443483003045,0.183959687526535
27634232,Twin Peaks,37.75581,-122.44879,1.92302040439108
4295573,Excelsior,37.7242411004026,-122.433897579022,2.22638726721592
24390111,Parkside,37.7442774555716,-122.490057145238,0.0781342027904004
10907541,Downtown/Civic Center,37.7883006966744,-122.420249882711,0.140746831848865
2224195,Presidio,37.7951683305194,-122.476397484501,0.083617447695142
10830317,Inner Richmond,37.775,-122.46675,0.201371164960715
22373160,Haight Ashbury,37.76578,-122.44681,0.117998220673384
5395767,Glen Park,37.7359414461716,-122.434122866259,0.217530551884664
34094352,Noe Valley,37.74771,-122.42991,0.158182874725266
25749887,Crocker Amazon,37.7062012868076,-122.433520499073,0.303608663349672
21594252,Treasure Island/YBI,37.8243992316661,-122.374529403146,0.344244319258641
31439076,Outer Sunset,37.74685,-122.49221,0.315562805257404
16098282,Ocean View,37.7087136083731,-122.464761450664,0.943371797841141
10809992,Ocean View,37.7219850440589,-122.470591558543,0.0811019730385467
33400148,Financial District,37.78912,-122.39449,0.0548727334065505
16100192,Parkside,37.7398040439512,-122.503568304241,0.0532697126046717
2093695,Ocean View,37.72218,-122.47012,5.96273120466199
18156135,Outer Sunset,37.76111,-122.50282,0.6407829066381
11024614,Western Addition,37.7764550829541,-122.442243731221,0.692992787015122
17943479,North Beach,37.8014734565219,-122.405710903597,0.084486836670686
12931122,Parkside,37.7449915755416,-122.488255321519,0.187243180022014
1232565,Glen Park,37.7383070044691,-122.438595552234,0.122722118096706
4631209,Financial District,37.7823265318453,-122.401223030234,8.63521627072499
5070636,Mission,37.7584830405704,-122.412842700373,1.23659767603468
14712761,South of Market,37.7823654258753,-122.395948475413,0.152459578602395
16792748,Inner Richmond,37.7756423539255,-122.455535211636,0.0541426462625773
6481957,Noe Valley,37.7475294748392,-122.441149015364,0.0744320990190682
271903,Downtown/Civic Center,37.7828526760026,-122.420016168628,0.214178745553755
8132903,Inner Richmond,37.7876045549286,-122.464671974185,0.216505384958099
2516026,Marina,37.8047023162489,-122.439314438859,7.45598688072345
13448099,Treasure Island/YBI,37.8231985663073,-122.376219050173,0.3045809597561
14874240,Bernal Heights,37.7416162777318,-122.409146927139,0.0796384819506429
9713928,Castro/Upper Market,37.7673169245714,-122.429623221838,0.346322183692001
3426292,Castro/Upper Market,37.7626344714353,-122.426794010781,0.0658736042158867
24678255,Downtown/Civic Center,37.78879,-122.41549,0.0771653740623593
5785631,West of Twin Peaks,37.7485001305625,-122.469066616682,0.0617063658834758
16027698,Lakeshore,37.7176594342406,-122.478986403087,0.0924815179929514
1174758,North Beach,37.8008904586219,-122.406106770211,0.260881002294876
22102412,Ocean View,37.7042333657724,-122.460862139415,0.0637218050533819
15875731,Chinatown,37.7916000955825,-122.406066913039,0.148546595891073
7400941,Glen Park,37.7338483738989,-122.434386757232,0.17321394905201
7009654,Glen Park,37.73632,-122.43691,1.66965807917889
9970137,Crocker Amazon,37.709118481958,-122.424995917789,0.102946698956333
10864418,Excelsior,37.7210724092976,-122.436549375826,0.41903058741516
254953,Golden Gate Park,37.7702708579042,-122.510905256016,0.242173402486428
13885045,Presidio Heights,37.7892475242745,-122.447920295779,0.119571097640102
26204934,Crocker Amazon,37.71134,-122.43967,0.222993252002845
7699710,Bernal Heights,37.7395718904261,-122.414251808093,0.378268249819724
6813442,Bernal Heights,37.7380507036959,-122.418120274389,0.125584783210267
1332629,Noe Valley,37.7560560255473,-122.426212508457,0.280397463826399
7987834,Glen Park,37.7343486191977,-122.432848623218,0.166855143223716
14205282,Downtown/Civic Center,37.778429111472,-122.41681750932,0.0684600163881441
18708463,Russian Hill,37.80369,-122.41721,3.07970520191656
1679108,Nob Hill,37.794581873469,-122.417891058954,2.74494219147239
768161,Inner Sunset,37.7647380564296,-122.464291177296,0.0881474901571207
1281140,Russian Hill,37.798541193714,-122.418768268806,0.217393994950969
9949873,Bernal Heights,37.7396386246333,-122.410488629708,0.355940686429158
768161,Inner Sunset,37.7647380564296,-122.464291177296,0.0594928436188082
5955398,Russian Hill,37.79945,-122.41303,2.43565726064604
10945113,Presidio Heights,37.7863942321153,-122.449890187891,0.179340312988901
9679247,Treasure Island/YBI,37.8257316838158,-122.37779102313,0.220771142472492
23411237,Glen Park,37.7348489245317,-122.436551611755,0.259504651551082
9465129,Mission,37.7557413279426,-122.411558866848,0.133489923832752
4264485,Presidio Heights,37.7862526753987,-122.448496513226,0.280578645124234
12025799,Haight Ashbury,37.7666844652021,-122.452790493393,0.0735418930216182
19658833,Inner Richmond,37.77743,-122.47018,0.26543701569921
24539004,Seacliff,37.77872,-122.50968,0.27557366977131
15194192,Crocker Amazon,37.7086560981663,-122.447445696331,0.288740403443927
1427660,Seacliff,37.775236128909,-122.509137450671,8.61993371471351
16297659,Visitacion Valley,37.7096706114069,-122.423160963794,0.124597969632578
10970821,Presidio Heights,37.7836416876207,-122.450538612396,0.0558601556743458
22068547,Inner Sunset,37.7658,-122.4551,0.0682360157598048
4014209,Outer Sunset,37.7625637093664,-122.505887241708,0.217414034572809
11023845,South of Market,37.7743001391042,-122.406435277813,0.0671951900704783
696724,Treasure Island/YBI,37.8095799090968,-122.366271180998,9.3853043316928
13558325,Inner Richmond,37.7834165061971,-122.477462592155,0.0932235387119403
17318005,Castro/Upper Market,37.7687244334553,-122.434163548949,1.65263914094024
9734189,Chinatown,37.7914693620924,-122.406137782663,0.131670414453956
26472012,Excelsior,37.71849,-122.42826,0.576581704709344
22944449,Potrero Hill,37.7565984319658,-122.39963300342,0.0923751977302272
17206399,Financial District,37.7916389714108,-122.400523546465,0.0671936716614513
1860405,Ocean View,37.7153235527684,-122.471403903024,8.09802729372956
7807401,Inner Richmond,37.7795538263658,-122.454888251386,0.0564735069194949
16443050,Presidio,37.8065637053375,-122.448762137753,0.0664988856810283
13558325,Outer Richmond,37.7829338002815,-122.478550599944,0.0574263728507477
11020738,Lakeshore,37.731435680047,-122.487727647975,0.150150101649101
22403752,Inner Richmond,37.7836209568499,-122.472288475203,0.117163784059293
19721546,Financial District,37.7971585230267,-122.401350075999,0.391206941140577
29902282,Diamond Heights,37.73923,-122.43653,0.169156319464561
784113,Western Addition,37.7705596815431,-122.434759175766,5.63277832888736
8132903,Inner Richmond,37.7876045549286,-122.464671974185,0.187268504649515
22403752,Inner Richmond,37.78362,-122.47229,0.117163784059293
18372849,South of Market,37.7841592367351,-122.396913873942,0.076245824182347
9505119,Excelsior,37.7313962502639,-122.424228831268,0.187918383426954
22671524,Chinatown,37.79095,-122.4082,0.115388286455667
8269701,Parkside,37.7442647641168,-122.475669231898,0.111041527204685
4318081,Diamond Heights,37.7360184663389,-122.443016206097,0.253498278928377
1525597,North Beach,37.807145233188,-122.418628511807,8.42685770159709
26155901,Ocean View,37.7055876681113,-122.464870240366,0.0843568031753322
14828948,Chinatown,37.7909690779154,-122.408110627094,0.129343408509953
14491155,Chinatown,37.7911641859726,-122.405005813038,0.176412904099657
13127605,Twin Peaks,37.7536274729179,-122.44361961756,0.213259222428872
2738331,Haight Ashbury,37.76918,-122.45,6.35561231728459
35316013,Inner Sunset,37.7578,-122.46369,0.114500650422612
4776948,Mission,37.7581595625873,-122.419317944557,4.13298900858579
14205282,South of Market,37.7769622168085,-122.416664919656,0.0684600163881441
13861354,Downtown/Civic Center,37.7893473864748,-122.412762770382,0.167766204833127
8901394,Financial District,37.7928673644623,-122.391831874912,0.10514724197604
12230979,Chinatown,37.7912991551819,-122.406702806551,0.106935949311277
14491155,Financial District,37.7905481254112,-122.404830943586,0.176412904099657
18270816,Pacific Heights,37.7909736336349,-122.442127655292,0.0741423162144267
4782281,Castro/Upper Market,37.76032,-122.42886,8.94266302477262
3749769,Haight Ashbury,37.7727140361107,-122.452861164637,5.86457282184921
7983070,Presidio Heights,37.78267,-122.45309,1.47033409303912
27467934,Bayview,37.73377,-122.38794,0.142899789340815
10964917,Western Addition,37.7872099993117,-122.427385511861,0.128989019820333
5218542,Outer Richmond,37.7763945971007,-122.487664649578,0.109088785403081
2023326,Inner Richmond,37.7834164125119,-122.469411569135,0.526936173241732
5172404,Pacific Heights,37.7903110393185,-122.428946361055,0.0819247422613112
3339018,Treasure Island/YBI,37.8279263101783,-122.374975516931,10.7090187262712
9504910,North Beach,37.79856,-122.40429,0.880112479542847
25111457,Inner Richmond,37.78009,-122.45534,0.063456076995658
15363634,Haight Ashbury,37.7711850655262,-122.441543026682,0.0965709454457145
16443050,Marina,37.8047768225195,-122.448341382549,0.0576962101699338
21996653,Inner Sunset,37.7615859035897,-122.475617375946,0.430533095388286
15179182,Bayview,37.73906,-122.38537,4.77472497084335
3354004,Nob Hill,37.79577,-122.41141,0.890084441023015
9953024,West of Twin Peaks,37.7311805970005,-122.465435647384,0.0861657655158165
33321188,Lakeshore,37.70456,-122.47176,0.249239623974215
24760981,Western Addition,37.77942,-122.44108,0.356672923858867
18433423,Outer Mission,37.7314465058691,-122.433411938713,0.166600575019983
10550873,Chinatown,37.791215354797,-122.406418938171,0.223541444049199
28073566,Financial District,37.79059,-122.39245,0.176535620693972
8722927,Seacliff,37.78382,-122.48826,0.0975161700074258
16100192,Parkside,37.7392913004286,-122.503467029205,0.0532697126046717
21280089,Mission,37.76977,-122.42599,0.35763175435692
62566,Outer Richmond,37.7765752310168,-122.486847594716,0.141878890354679
31762328,Visitacion Valley,37.71367,-122.41494,0.494893129431151
16244433,Diamond Heights,37.74149,-122.44151,3.7956064111106
213216,Castro/Upper Market,37.768010540143,-122.436662373065,4.4584499602975
3304131,Presidio Heights,37.7825984733796,-122.455079490607,4.61061300534347
589516,Outer Richmond,37.7778546786313,-122.498964569105,4.57933487202739
9679247,Treasure Island/YBI,37.8258911005394,-122.377433743762,0.220771142472492
16242929,Potrero Hill,37.75325,-122.39482,0.64854078912392
10508881,Haight Ashbury,37.77393123571,-122.453953542504,0.344417849140686
18694806,Glen Park,37.7379144640498,-122.43240590187,0.169198582193098
13558325,Outer Richmond,37.7829338002815,-122.478550599944,0.0932235387119403
14884457,West of Twin Peaks,37.72918,-122.45664,0.287748802500661
20213175,Outer Richmond,37.775087911183,-122.502658797409,0.418324806882715
14569097,Outer Richmond,37.7765396100171,-122.495370904092,0.0965720603749754
3293347,Outer Mission,37.7304933343312,-122.450621473257,0.0925777103285258
1902917,Pacific Heights,37.7949115216466,-122.429944886561,0.895352626138799
8646447,Noe Valley,37.7501206820172,-122.442831398872,0.0592474738446666
12214846,Bernal Heights,37.7464732309,-122.415403179961,0.278336338495811
15148757,Visitacion Valley,37.7184938733793,-122.406431076598,0.0555923726121796
4117976,North Beach,37.7995146091022,-122.407465348174,9.04945945274701
12111055,Visitacion Valley,37.7216149417626,-122.409039483758,1.74186317964696
3534885,North Beach,37.7999716993559,-122.408039699468,3.51990472882996
9505119,Bernal Heights,37.7330226231765,-122.422420236278,0.187918383426954
12429503,Pacific Heights,37.79683,-122.42576,0.405096011481837
23698833,Bayview,37.72913,-122.38385,1.17081286195588
2075985,Potrero Hill,37.7548858313763,-122.391992068105,6.51443563051042
4730528,Nob Hill,37.7928969348239,-122.41858914142,0.192006255516849
14008695,Ocean View,37.7099538808626,-122.469796359651,0.116504606300712
1317908,Western Addition,37.77784,-122.43823,6.0585783784679
34129571,Crocker Amazon,37.71268,-122.44297,0.266813145856109
6662905,Presidio Heights,37.7825895918585,-122.454629132719,0.369396633079807
8722927,Outer Richmond,37.78336,-122.48767,0.0975161700074258
13643631,Outer Richmond,37.7766084740396,-122.502026072996,0.0615594986481824
13885045,Pacific Heights,37.7882197760973,-122.446380826691,0.119571097640102
15875731,Chinatown,37.7915529547481,-122.406008822457,0.148546595891073
2629294,Outer Richmond,37.7756201133062,-122.487918163639,0.309680970588196
10907541,Downtown/Civic Center,37.7883006966744,-122.420249882711,0.199345786196811
3821592,Seacliff,37.7752319918489,-122.51032854374,0.116230176267873
1106534,Noe Valley,37.7455271416948,-122.438053869198,3.34362335503365
10918894,Financial District,37.7930686469986,-122.399358702832,0.0999340960259564
8130665,Outer Mission,37.7304303474464,-122.443832395315,2.06727905386265
16194768,Castro/Upper Market,37.7602858463286,-122.43853615192,0.10287354889308
10968474,Inner Richmond,37.7789102465268,-122.472943590571,0.570061570417219
6004953,Golden Gate Park,37.7656768850999,-122.472333066178,0.239208320077036
22017605,West of Twin Peaks,37.7247894811084,-122.455480027996,0.197149687699326
10508881,Golden Gate Park,37.7733008453083,-122.455246837302,0.355582480801136
19746671,Noe Valley,37.7432632939133,-122.427283533204,0.328072967213022
17176996,Presidio,37.7895287894392,-122.475407539247,0.163512294229705
10743757,Nob Hill,37.7925434940625,-122.40975558752,0.175730872814053
10961737,Outer Richmond,37.7872644480164,-122.48709639316,0.0549344865778746
24523594,Crocker Amazon,37.7125462721138,-122.443595244797,0.290958399863489
5107706,Mission,37.7622784462343,-122.41840376898,0.153658737670127
23728478,Bernal Heights,37.7380804850069,-122.419648892068,0.0624656270646093
3534845,North Beach,37.7992732902708,-122.406177472486,5.21734714729425
10888115,Nob Hill,37.7915228183144,-122.415075555298,0.181044354011902
6972041,Castro/Upper Market,37.7659477380243,-122.433809973077,0.244839920148434
5144482,West of Twin Peaks,37.74458,-122.46284,5.90013814669178
23087617,Castro/Upper Market,37.75963,-122.43398,0.300841105350393
16702251,Excelsior,37.7191695937514,-122.433192529265,0.730752488895026
13623619,Nob Hill,37.7950313679442,-122.418046479456,0.1949955994617
9468121,Noe Valley,37.7536259434774,-122.430024420204,0.137819735207566
29877374,Outer Richmond,37.7780858634575,-122.48619845552,0.380602902715568
14934340,Lakeshore,37.716539906937,-122.472719684705,0.175561518022134
14417251,Nob Hill,37.7910772222666,-122.411337944416,0.193736273500367
17298114,Mission,37.7483343278805,-122.418350881426,0.0753528457305825
17286866,Outer Richmond,37.7827103459134,-122.479837127907,0.0960928009742065
29826153,South of Market,37.7761563293247,-122.395467024224,0.0952330296420078
6583338,Chinatown,37.790945178246,-122.406659186592,0.360480856744861
1920661,Pacific Heights,37.7882942212123,-122.446679644704,0.280229435802916
11983792,Financial District,37.7853626310567,-122.404310306015,0.223752621406823
10996172,North Beach,37.8005124481355,-122.409748946636,0.194820999956419
14746238,Noe Valley,37.7557964843396,-122.433759516626,0.0860309725926834
8646447,Noe Valley,37.7501206820172,-122.442831398872,0.0899380288360384
2778349,Glen Park,37.7413795563432,-122.427993592773,0.289428358641406
21789619,Outer Mission,37.710938978735,-122.45283186702,0.0709763245720279
10945716,Castro/Upper Market,37.7686141206542,-122.428102976004,0.285052076037028
19695487,Outer Sunset,37.7588317052172,-122.482078612307,0.100242036243278
30069424,Excelsior,37.72712,-122.41967,1.22657586892143
10809992,Ocean View,37.7219850440589,-122.470591558543,0.0617767932365147
1935521,Potrero Hill,37.7614328151261,-122.397917291824,0.364438080234714
14491005,Financial District,37.7909739204926,-122.394260813763,0.22201923809279
11492463,Chinatown,37.7965686154449,-122.409804790098,0.237505340034265
16188454,Mission,37.7586024311369,-122.418780123437,0.0820348821099066
67818,Potrero Hill,37.761282909041,-122.393450955011,8.59075105341151
2166328,Western Addition,37.7875258324879,-122.440465871492,0.318189318437928
24021956,Bayview,37.7264681185467,-122.393261938792,0.0780773012284316
16439853,Presidio Heights,37.7831082461886,-122.453309017641,0.170569798167728
19185162,Excelsior,37.7299961606907,-122.417165871964,0.153260360102874
29879115,West of Twin Peaks,37.72635,-122.45742,0.426890055098421
4226785,Golden Gate Park,37.7744853859983,-122.454714218147,4.31528836820806
10268558,Pacific Heights,37.7941979299573,-122.430255414436,0.0996659610918252
20073427,Western Addition,37.7726221037054,-122.431734961059,0.725724032824911
20258481,Inner Sunset,37.7622907059435,-122.474024693961,1.09420382070166
15073876,Russian Hill,37.7998358236904,-122.411837977329,0.0875525018921562
22577863,Inner Sunset,37.76507,-122.47302,0.227122160836653
22204268,Chinatown,37.7913996403446,-122.408642175631,0.137178259124587
